,Split,Lam_fair,Type,Accuracy,Unfairness,Ploss,Relaxation
0,0,0.0,Train,0.8320466876029968,0.17636530101299286,0.3547903597354889,1.4530123472213745
1,0,0.0,Test,0.8298171758651733,0.17494702339172363,0.3666660189628601,1.4924986362457275
2,1,0.0,Train,0.831700325012207,0.17916014790534973,0.3571417033672333,1.4555681943893433
3,1,0.0,Test,0.829013466835022,0.17214462161064148,0.3612978458404541,1.4084177017211914
4,2,0.0,Train,0.8301168084144592,0.18030370771884918,0.358504056930542,1.4210762977600098
5,2,0.0,Test,0.8345388770103455,0.18329739570617676,0.35884150862693787,1.4925843477249146
6,3,0.0,Train,0.8307105898857117,0.17865458130836487,0.35887250304222107,1.420745611190796
7,3,0.0,Test,0.831826388835907,0.185438871383667,0.35812002420425415,1.408609390258789
8,4,0.0,Train,0.8334323167800903,0.17311576008796692,0.35798174142837524,1.4000190496444702
9,4,0.0,Test,0.8284106850624084,0.18603873252868652,0.35984158515930176,1.438220500946045
10,0,0.02,Train,0.8316013216972351,0.13846364617347717,0.359699010848999,0.9119752049446106
11,0,0.02,Test,0.8281093239784241,0.1379038691520691,0.37110471725463867,0.9578788876533508
12,1,0.02,Train,0.8311064839363098,0.14250817894935608,0.3620239198207855,0.9406154751777649
13,1,0.02,Test,0.8288125395774841,0.13183444738388062,0.3657546043395996,0.9046021699905396
14,2,0.02,Train,0.8294239640235901,0.14179959893226624,0.36332252621650696,0.9144741296768188
15,2,0.02,Test,0.8341370224952698,0.14682434499263763,0.36299601197242737,0.9715179800987244
16,3,0.02,Train,0.8285332322120667,0.1391606479883194,0.36369481682777405,0.9135903716087341
17,3,0.02,Test,0.8313241004943848,0.13998724520206451,0.36361971497535706,0.9115185141563416
18,4,0.02,Train,0.8318488001823425,0.13591890037059784,0.3627956807613373,0.8932198882102966
19,4,0.02,Test,0.8270041942596436,0.1504124104976654,0.36568212509155273,0.9299722909927368
20,0,0.04,Train,0.8283352851867676,0.09632207453250885,0.37199312448501587,0.49354833364486694
21,0,0.04,Test,0.8257986903190613,0.09711334109306335,0.3833584785461426,0.5619953870773315
22,1,0.04,Train,0.828285813331604,0.10052382200956345,0.3741496503353119,0.5338638424873352
23,1,0.04,Test,0.8265019059181213,0.09060530364513397,0.37757423520088196,0.5017748475074768
24,2,0.04,Train,0.826108455657959,0.09984972327947617,0.3752889931201935,0.5132306814193726
25,2,0.04,Test,0.8288125395774841,0.10702768713235855,0.37462764978408813,0.5622658729553223
26,3,0.04,Train,0.8267022967338562,0.10154285281896591,0.37579840421676636,0.5071296691894531
27,3,0.04,Test,0.8281093239784241,0.09993363171815872,0.37632787227630615,0.5110161900520325
28,4,0.04,Train,0.8288301825523376,0.09546749293804169,0.3750002384185791,0.48431044816970825
29,4,0.04,Test,0.8252963423728943,0.11292226612567902,0.37901175022125244,0.5220414996147156
30,0,0.06,Train,0.8228919506072998,0.05516307055950165,0.39308372139930725,0.06825479865074158
31,0,0.06,Test,0.8204742074012756,0.05637913942337036,0.4046396017074585,0.16844162344932556
32,1,0.06,Train,0.8225950002670288,0.05977509915828705,0.39359334111213684,0.14533789455890656
33,1,0.06,Test,0.8202732801437378,0.05100703239440918,0.3966657817363739,0.11441007256507874
34,2,0.06,Train,0.8217042684555054,0.058699995279312134,0.3945063054561615,0.1292422115802765
35,2,0.06,Test,0.8234880566596985,0.06948515772819519,0.39345893263816833,0.1719585806131363
36,3,0.06,Train,0.8209620118141174,0.06213587522506714,0.3954571783542633,0.11350838094949722
37,3,0.06,Test,0.8225839138031006,0.05639307200908661,0.3965948820114136,0.12263070046901703
38,4,0.06,Train,0.8238321542739868,0.059068381786346436,0.3968656063079834,0.05138029158115387
39,4,0.06,Test,0.819570004940033,0.06942884624004364,0.40282630920410156,0.0889652892947197
40,0,0.08,Train,0.815419614315033,0.014880910515785217,1.8353017568588257,-21.9127254486084
41,0,0.08,Test,0.8114326000213623,0.018134355545043945,1.8174723386764526,-20.242942810058594
42,1,0.08,Train,0.8149742484092712,0.02073734998703003,0.5754011869430542,-2.3536107540130615
43,1,0.08,Test,0.814647376537323,0.013152211904525757,0.5443084836006165,-2.5407137870788574
44,2,0.08,Train,0.8160134553909302,0.02212558686733246,0.5836284756660461,-2.47910475730896
45,2,0.08,Test,0.8151496648788452,0.02456146478652954,0.5463286638259888,-2.567249059677124
46,3,0.08,Train,0.8141329884529114,0.025628596544265747,0.5873793363571167,-2.5222785472869873
47,3,0.08,Test,0.8154510855674744,0.014344140887260437,0.5401293039321899,-2.4684197902679443
48,4,0.08,Train,0.8154691457748413,0.018146544694900513,1.1723835468292236,-12.253921508789062
49,4,0.08,Test,0.8139441609382629,0.027439922094345093,1.3393864631652832,-12.657225608825684
50,0,0.1,Train,0.807106077671051,-0.02138480544090271,3.8881804943084717,-52.951812744140625
51,0,0.1,Test,0.8016877770423889,-0.017388716340065002,3.826038360595703,-48.75452423095703
52,1,0.1,Train,0.8066112399101257,-0.017099082469940186,1.3936474323272705,-12.656153678894043
53,1,0.1,Test,0.8049025535583496,-0.024168670177459717,1.2795078754425049,-13.233500480651855
54,2,0.1,Train,0.8073040246963501,-0.013293400406837463,1.1320706605911255,-9.865644454956055
55,2,0.1,Test,0.805203914642334,-0.012825563549995422,0.9827318787574768,-10.357247352600098
56,3,0.1,Train,0.804928719997406,-0.017144158482551575,1.5805598497390747,-15.116969108581543
57,3,0.1,Test,0.8076150417327881,-0.021718829870224,1.5389443635940552,-15.151634216308594
58,4,0.1,Train,0.8072545528411865,-0.020545542240142822,2.310628890991211,-29.02276611328125
59,4,0.1,Test,0.803596556186676,-0.0074729323387146,2.6901986598968506,-30.037822723388672
60,0,0.12,Train,0.7941904067993164,-0.06698751449584961,8.876296043395996,-112.49961853027344
61,0,0.12,Test,0.7840064167976379,-0.0682760626077652,8.01036262512207,-103.40470123291016
62,1,0.12,Train,0.7909243702888489,-0.06607304513454437,2.6836256980895996,-27.977712631225586
63,1,0.12,Test,0.789230465888977,-0.0710822194814682,2.535539150238037,-28.77957534790039
64,2,0.12,Train,0.793299674987793,-0.06183670461177826,2.325017213821411,-23.439476013183594
65,2,0.12,Test,0.7903355360031128,-0.06559748947620392,1.9881552457809448,-24.762542724609375
66,3,0.12,Train,0.7907264232635498,-0.06511969864368439,2.817319393157959,-30.38338851928711
67,3,0.12,Test,0.7922443151473999,-0.06682595610618591,2.871446132659912,-30.6834716796875
68,4,0.12,Train,0.792359471321106,-0.066478431224823,4.697007179260254,-58.5811882019043
69,4,0.12,Test,0.7904360294342041,-0.054481059312820435,5.365270614624023,-61.219810485839844
70,0,0.14,Train,0.7756333947181702,-0.12121014297008514,14.477428436279297,-177.69082641601562
71,0,0.14,Test,0.7630098462104797,-0.12657536566257477,12.696935653686523,-162.9114990234375
72,1,0.14,Train,0.7708333134651184,-0.1252351701259613,4.022863864898682,-43.621734619140625
73,1,0.14,Test,0.7688366770744324,-0.132782444357872,3.8432202339172363,-44.648475646972656
74,2,0.14,Train,0.7734560370445251,-0.12042990326881409,3.715355634689331,-38.72795867919922
75,2,0.14,Test,0.7699417471885681,-0.1278780698776245,3.1720528602600098,-40.9390869140625
76,3,0.14,Train,0.7740498781204224,-0.11665058135986328,4.130854606628418,-46.179840087890625
77,3,0.14,Test,0.7734578847885132,-0.12905149161815643,4.286381244659424,-46.74785614013672
78,4,0.14,Train,0.7743963003158569,-0.12669898569583893,7.129510879516602,-88.42485809326172
79,4,0.14,Test,0.7714486718177795,-0.1094338446855545,8.085726737976074,-92.66456604003906
80,0,0.16,Train,0.7532660365104675,-0.18967878818511963,45.505760192871094,-419.96710205078125
81,0,0.16,Test,0.737392008304596,-0.19863611459732056,43.527137756347656,-392.5686950683594
82,1,0.16,Train,0.7488123774528503,-0.1908966302871704,9.944709777832031,-90.435791015625
83,1,0.16,Test,0.7461321949958801,-0.19885949790477753,10.029718399047852,-93.33480834960938
84,2,0.16,Train,0.7490102648735046,-0.18787027895450592,12.046663284301758,-101.68122100830078
85,2,0.16,Test,0.7479405403137207,-0.19167888164520264,11.373700141906738,-101.35749053955078
86,3,0.16,Train,0.7501484751701355,-0.18824124336242676,12.222540855407715,-109.08744049072266
87,3,0.16,Test,0.7469359040260315,-0.1933947205543518,12.851297378540039,-108.66519165039062
88,4,0.16,Train,0.7499505281448364,-0.1941135674715042,22.786354064941406,-207.8434295654297
89,4,0.16,Test,0.7453284859657288,-0.1863628625869751,24.207706451416016,-212.26815795898438
90,0,0.18,Train,0.7284738421440125,-0.2518821358680725,149.908447265625,-1104.647705078125
91,0,0.18,Test,0.7155917286872864,-0.258001446723938,147.76089477539062,-1067.474609375
92,1,0.18,Train,0.7245150208473206,-0.25272685289382935,33.99385070800781,-247.62594604492188
93,1,0.18,Test,0.7224231362342834,-0.2591903805732727,34.80224609375,-258.8372802734375
94,2,0.18,Train,0.7255542278289795,-0.2508266568183899,38.71675109863281,-276.9871826171875
95,2,0.18,Test,0.724231481552124,-0.24763253331184387,37.52302551269531,-271.65863037109375
96,3,0.18,Train,0.7270882725715637,-0.2489049732685089,40.299278259277344,-293.01025390625
97,3,0.18,Test,0.7216194272041321,-0.25606900453567505,40.9290657043457,-287.77044677734375
98,4,0.18,Train,0.725405752658844,-0.2557908296585083,82.02469635009766,-593.3649291992188
99,4,0.18,Test,0.7167972922325134,-0.2586429715156555,84.87328338623047,-593.1723022460938
100,0,0.2,Train,0.708679735660553,-0.2975265383720398,335.1760559082031,-2254.505859375
101,0,0.2,Test,0.6979103684425354,-0.30299481749534607,332.7906494140625,-2206.9814453125
102,1,0.2,Train,0.7046714425086975,-0.2986085116863251,77.65381622314453,-517.5297241210938
103,1,0.2,Test,0.7023307085037231,-0.30782556533813477,78.9234390258789,-538.4310913085938
104,2,0.2,Train,0.7060075402259827,-0.299059122800827,84.33148193359375,-561.0599975585938
105,2,0.2,Test,0.7063491940498352,-0.2895578145980835,82.78907775878906,-552.063720703125
106,3,0.2,Train,0.7069972157478333,-0.2982787489891052,85.62054443359375,-577.3048095703125
107,3,0.2,Test,0.7003214955329895,-0.308002233505249,85.384521484375,-560.87109375
108,4,0.2,Train,0.705562174320221,-0.3025243580341339,173.8015899658203,-1168.0777587890625
109,4,0.2,Test,0.6982117891311646,-0.30319944024086,179.19358825683594,-1161.982666015625
110,0,0.22,Train,0.6902216672897339,-0.33690160512924194,532.1096801757812,-3458.9619140625
111,0,0.22,Test,0.6793248653411865,-0.34205737709999084,530.2225952148438,-3401.113525390625
112,1,0.22,Train,0.6866587400436401,-0.336982399225235,125.59098815917969,-808.4729614257812
113,1,0.22,Test,0.6836447715759277,-0.3447941541671753,127.91497039794922,-840.9633178710938
114,2,0.22,Train,0.6868566870689392,-0.3396957218647003,135.72828674316406,-873.47314453125
115,2,0.22,Test,0.6917821764945984,-0.318518728017807,133.65774536132812,-857.1703491210938
116,3,0.22,Train,0.6873515248298645,-0.33794814348220825,137.90704345703125,-895.5076904296875
117,3,0.22,Test,0.6826401352882385,-0.34545576572418213,137.19078063964844,-867.8082885742188
118,4,0.22,Train,0.6885886788368225,-0.33907902240753174,276.7632751464844,-1797.7872314453125
119,4,0.22,Test,0.6802290678024292,-0.34260138869285583,285.3938903808594,-1782.7059326171875
120,0,0.24,Train,0.6703780889511108,-0.37100380659103394,757.9976806640625,-4799.326171875
121,0,0.24,Test,0.6589310765266418,-0.3807256519794464,754.7926025390625,-4726.568359375
122,1,0.24,Train,0.6655284762382507,-0.37313956022262573,179.75628662109375,-1127.6160888671875
123,1,0.24,Test,0.6633514165878296,-0.3832809627056122,182.81178283691406,-1173.259765625
124,2,0.24,Train,0.6673099994659424,-0.3760559856891632,193.7503662109375,-1216.3629150390625
125,2,0.24,Test,0.6729958057403564,-0.35412362217903137,190.7841033935547,-1191.9722900390625
126,3,0.24,Train,0.667062520980835,-0.37378549575805664,195.70004272460938,-1239.3604736328125
127,3,0.24,Test,0.6625477075576782,-0.38438349962234497,194.74301147460938,-1201.3116455078125
128,4,0.24,Train,0.6679533123970032,-0.3801001310348511,389.0693664550781,-2471.395751953125
129,4,0.24,Test,0.6581273674964905,-0.3798333406448364,401.4693908691406,-2448.801513671875
130,0,0.26,Train,0.6484560370445251,-0.4064439833164215,1000.7670288085938,-6209.09619140625
131,0,0.26,Test,0.6401446461677551,-0.4111989438533783,995.8942260742188,-6123.23486328125
132,1,0.26,Train,0.6435075402259827,-0.4079607129096985,238.47372436523438,-1465.76123046875
133,1,0.26,Test,0.6429576277732849,-0.42278116941452026,242.0919189453125,-1525.4228515625
134,2,0.26,Train,0.6484065651893616,-0.4121514558792114,255.0695343017578,-1572.8856201171875
135,2,0.26,Test,0.6532047390937805,-0.38852694630622864,251.38504028320312,-1540.30419921875
136,3,0.26,Train,0.6465756297111511,-0.40968209505081177,258.8378601074219,-1605.4229736328125
137,3,0.26,Test,0.6446654796600342,-0.41621625423431396,258.0267639160156,-1556.3477783203125
138,4,0.26,Train,0.64711993932724,-0.413051038980484,506.8017578125,-3166.693359375
139,4,0.26,Test,0.640345573425293,-0.40756580233573914,522.9533081054688,-3137.312744140625
140,0,0.28,Train,0.6330166459083557,-0.42998677492141724,1253.637939453125,-7656.44189453125
141,0,0.28,Test,0.6258790493011475,-0.4377928078174591,1247.9615478515625,-7556.3291015625
142,1,0.28,Train,0.6272763013839722,-0.43728435039520264,300.96630859375,-1818.15966796875
143,1,0.28,Test,0.6242716312408447,-0.4501825273036957,305.0098571777344,-1891.43017578125
144,2,0.28,Train,0.6317794919013977,-0.4399421215057373,319.7273864746094,-1941.9827880859375
145,2,0.28,Test,0.6339160203933716,-0.4214313328266144,315.3196105957031,-1900.972412109375
146,3,0.28,Train,0.6294536590576172,-0.4403095841407776,321.0084533691406,-1967.78759765625
147,3,0.28,Test,0.6251758337020874,-0.4488978683948517,320.2414245605469,-1907.6219482421875
148,4,0.28,Train,0.6311361789703369,-0.4413003921508789,638.9732055664062,-3916.490478515625
149,4,0.28,Test,0.6212577819824219,-0.43472376465797424,658.499267578125,-3877.60400390625
150,0,0.3,Train,0.6201504468917847,-0.4564098119735718,1698.5728759765625,-9777.7578125
151,0,0.3,Test,0.6140245199203491,-0.46167048811912537,1706.9154052734375,-9693.7744140625
152,1,0.3,Train,0.6154988408088684,-0.45798826217651367,415.1408996582031,-2353.24072265625
153,1,0.3,Test,0.611613392829895,-0.47112584114074707,419.26751708984375,-2431.189697265625
154,2,0.3,Train,0.6189627647399902,-0.4592397212982178,423.4088439941406,-2448.81494140625
155,2,0.3,Test,0.6206550002098083,-0.4439152777194977,420.3709411621094,-2402.53466796875
156,3,0.3,Train,0.6189132928848267,-0.4547138214111328,415.8763732910156,-2444.874755859375
157,3,0.3,Test,0.6157323718070984,-0.4680309593677521,415.5334167480469,-2375.257080078125
158,4,0.3,Train,0.6185173988342285,-0.4652773141860962,856.5694580078125,-4968.62646484375
159,4,0.3,Test,0.6078963279724121,-0.45946794748306274,878.94384765625,-4906.59716796875
160,0,0.32,Train,0.6057502031326294,-0.4866178333759308,2459.872314453125,-12954.3828125
161,0,0.32,Test,0.6024713516235352,-0.4853319227695465,2500.87841796875,-12897.681640625
162,1,0.32,Train,0.6026821136474609,-0.48946261405944824,598.78759765625,-3118.3330078125
163,1,0.32,Test,0.5979505777359009,-0.49771350622177124,602.9033813476562,-3195.287109375
164,2,0.32,Train,0.6053543090820312,-0.4866619408130646,579.0478515625,-3127.620361328125
165,2,0.32,Test,0.609302818775177,-0.47422778606414795,576.5560302734375,-3077.405517578125
166,3,0.32,Train,0.6047109961509705,-0.48220205307006836,582.983642578125,-3161.269287109375
167,3,0.32,Test,0.604781985282898,-0.4871072471141815,583.0975952148438,-3087.2734375
168,4,0.32,Train,0.6052553653717041,-0.4911358654499054,1259.625732421875,-6635.25244140625
169,4,0.32,Test,0.5957403779029846,-0.48715466260910034,1288.3299560546875,-6539.40185546875
170,0,0.34,Train,0.5956552028656006,-0.5039257407188416,4022.808349609375,-18571.8828125
171,0,0.34,Test,0.5926260948181152,-0.5015953183174133,4126.35888671875,-18562.2734375
172,1,0.34,Train,0.5910530686378479,-0.5094639658927917,899.9369506835938,-4247.92431640625
173,1,0.34,Test,0.5841872692108154,-0.5260919332504272,904.369384765625,-4319.142578125
174,2,0.34,Train,0.5907066464424133,-0.5121017694473267,826.6871337890625,-4093.57080078125
175,2,0.34,Test,0.5964436531066895,-0.4997117817401886,821.8655395507812,-4045.5478515625
176,3,0.34,Train,0.5929829478263855,-0.5065211057662964,873.8579711914062,-4259.63037109375
177,3,0.34,Test,0.5950371623039246,-0.5043373107910156,875.64013671875,-4191.16259765625
178,4,0.34,Train,0.5969418287277222,-0.5088553428649902,2135.474365234375,-9742.927734375
179,4,0.34,Test,0.5874020457267761,-0.5042617321014404,2188.177001953125,-9600.373046875
180,0,0.36,Train,0.5917953252792358,-0.509685754776001,7225.36962890625,-29087.826171875
181,0,0.36,Test,0.5882057547569275,-0.5151140093803406,7448.5302734375,-29144.775390625
182,1,0.36,Train,0.587737500667572,-0.515691339969635,1739.7236328125,-6969.7783203125
183,1,0.36,Test,0.5819770693778992,-0.5296151638031006,1734.7100830078125,-6999.38232421875
184,2,0.36,Train,0.5853622555732727,-0.5247260928153992,1463.3946533203125,-6186.1953125
185,2,0.36,Test,0.588808536529541,-0.5140413641929626,1434.6900634765625,-6154.1416015625
186,3,0.36,Train,0.5895190238952637,-0.5130172967910767,1707.6298828125,-6963.373046875
187,3,0.36,Test,0.5941330194473267,-0.5070503950119019,1714.3831787109375,-6903.21923828125
188,4,0.36,Train,0.5929829478263855,-0.5161359906196594,3767.152099609375,-15117.119140625
189,4,0.36,Test,0.5856941938400269,-0.5071207284927368,3881.3056640625,-14929.4267578125
190,0,0.38,Train,0.5875396132469177,-0.5151659846305847,10588.9599609375,-40038.33984375
191,0,0.38,Test,0.5868997573852539,-0.5176563262939453,10941.7646484375,-40171.1796875
192,1,0.38,Train,0.5840261578559875,-0.522568941116333,2582.48193359375,-9696.0927734375
193,1,0.38,Test,0.5776572227478027,-0.5295534133911133,2568.39111328125,-9683.8544921875
194,2,0.38,Train,0.582739531993866,-0.5292277932167053,2298.730712890625,-8850.349609375
195,2,0.38,Test,0.582680344581604,-0.5235457420349121,2235.942626953125,-8841.20703125
196,3,0.38,Train,0.585857093334198,-0.5200321674346924,2528.894287109375,-9629.0390625
197,3,0.38,Test,0.588306188583374,-0.5141928791999817,2540.1884765625,-9575.859375
198,4,0.38,Train,0.5898653864860535,-0.5187880992889404,5509.0,-20788.2109375
199,4,0.38,Test,0.5830821990966797,-0.5075820684432983,5693.16162109375,-20551.71484375
200,0,0.4,Train,0.5863519310951233,-0.5171113014221191,14194.181640625,-51637.16796875
201,0,0.4,Test,0.5840867757797241,-0.5206436514854431,14690.1669921875,-51854.3828125
202,1,0.4,Train,0.5813539028167725,-0.526542603969574,3510.725341796875,-12649.568359375
203,1,0.4,Test,0.5737391710281372,-0.5371119976043701,3486.46728515625,-12589.3837890625
204,2,0.4,Train,0.5792755484580994,-0.5325198173522949,3178.640625,-11630.97265625
205,2,0.4,Test,0.5786618590354919,-0.5316934585571289,3079.379638671875,-11644.791015625
206,3,0.4,Train,0.5831353664398193,-0.5212911367416382,3433.65234375,-12515.2724609375
207,3,0.4,Test,0.5870001912117004,-0.5147988796234131,3449.66650390625,-12470.099609375
208,4,0.4,Train,0.5869457721710205,-0.5223644375801086,7234.6396484375,-26429.01953125
209,4,0.4,Test,0.5785613656044006,-0.5126160383224487,7490.18505859375,-26152.849609375
210,0,0.42,Train,0.5830858945846558,-0.516232430934906,17501.171875,-62484.109375
211,0,0.42,Test,0.5798673629760742,-0.5269103050231934,18119.048828125,-62761.45703125
212,1,0.42,Train,0.5782363414764404,-0.5271992683410645,4366.62060546875,-15420.6728515625
213,1,0.42,Test,0.5718303918838501,-0.5329822301864624,4334.4931640625,-15324.6513671875
214,2,0.42,Train,0.5758115649223328,-0.5353845357894897,4103.35302734375,-14525.7548828125
215,2,0.42,Test,0.5786618590354919,-0.5315412282943726,3966.414306640625,-14567.8037109375
216,3,0.42,Train,0.5806116461753845,-0.5242135524749756,4286.31103515625,-15272.9580078125
217,3,0.42,Test,0.5827807784080505,-0.5217453241348267,4306.357421875,-15235.2099609375
218,4,0.42,Train,0.5843230485916138,-0.5225845575332642,8941.3427734375,-32016.658203125
219,4,0.42,Test,0.5766525864601135,-0.5101962089538574,9263.7958984375,-31699.947265625
220,0,0.44,Train,0.5807105898857117,-0.5165479779243469,20935.91015625,-73634.421875
221,0,0.44,Test,0.5775567889213562,-0.5278164148330688,21674.400390625,-73983.109375
222,1,0.44,Train,0.5748713612556458,-0.5271714329719543,5258.986328125,-18279.19921875
223,1,0.44,Test,0.5690174698829651,-0.530875563621521,5218.90478515625,-18143.810546875
224,2,0.44,Train,0.573188841342926,-0.5358570218086243,4988.98828125,-17325.46875
225,2,0.44,Test,0.5763512253761292,-0.5277729630470276,4816.83837890625,-17387.205078125
226,3,0.44,Train,0.5775435566902161,-0.5241221189498901,5159.43896484375,-18078.638671875
227,3,0.44,Test,0.5807715654373169,-0.5196382999420166,5182.91748046875,-18049.34375
228,4,0.44,Train,0.5812054872512817,-0.5231773853302002,10697.2890625,-37721.80078125
229,4,0.44,Test,0.5737391710281372,-0.5082451701164246,11085.2353515625,-37356.86328125
230,0,0.46,Train,0.5769002437591553,-0.5136579871177673,24346.373046875,-84734.4375
231,0,0.46,Test,0.5750452280044556,-0.5253304243087769,25196.51171875,-85153.1640625
232,1,0.46,Train,0.5713579058647156,-0.5234541893005371,6135.958984375,-21104.513671875
233,1,0.46,Test,0.5659031271934509,-0.51915442943573,6089.11865234375,-20933.087890625
234,2,0.46,Train,0.5703186988830566,-0.5336555242538452,5899.98046875,-20182.748046875
235,2,0.46,Test,0.5734378099441528,-0.5270199179649353,5692.78662109375,-20265.83984375
236,3,0.46,Train,0.5734857320785522,-0.5217685699462891,6037.10546875,-20896.029296875
237,3,0.46,Test,0.5763512253761292,-0.5230885148048401,6063.85693359375,-20876.521484375
238,4,0.46,Train,0.5767517685890198,-0.5219628810882568,12371.4130859375,-43242.6640625
239,4,0.46,Test,0.5702230334281921,-0.5037094354629517,12820.7431640625,-42834.6875
240,0,0.48,Train,0.5725950002670288,-0.510540246963501,27651.521484375,-95602.59375
241,0,0.48,Test,0.5703234672546387,-0.516060471534729,28606.154296875,-96082.671875
242,1,0.48,Train,0.5672011375427246,-0.5230669379234314,7005.5009765625,-23911.4140625
243,1,0.48,Test,0.5623869895935059,-0.516739010810852,6953.9580078125,-23704.853515625
244,2,0.48,Train,0.5670526623725891,-0.5307537317276001,6792.21875,-23001.947265625
245,2,0.48,Test,0.5679123997688293,-0.532302975654602,6553.67236328125,-23103.8203125
246,3,0.48,Train,0.5691805481910706,-0.517079770565033,6868.9873046875,-23612.869140625
247,3,0.48,Test,0.5719308853149414,-0.5200302600860596,6898.85888671875,-23601.775390625
248,4,0.48,Train,0.572990894317627,-0.5163382887840271,14053.90625,-48779.8046875
249,4,0.48,Test,0.5665059089660645,-0.501758337020874,14563.494140625,-48326.38671875
250,0,0.5,Train,0.568834125995636,-0.5065298080444336,31074.537109375,-106715.390625
251,0,0.5,Test,0.564998984336853,-0.5191972851753235,32134.873046875,-107261.6796875
252,1,0.5,Train,0.5642319917678833,-0.5161660313606262,7897.47998046875,-26766.064453125
253,1,0.5,Test,0.5573638677597046,-0.5110146999359131,7841.56396484375,-26520.896484375
254,2,0.5,Train,0.5629453659057617,-0.5286431312561035,7651.21435546875,-25749.275390625
255,2,0.5,Test,0.5651999115943909,-0.5232542753219604,7383.037109375,-25865.724609375
256,3,0.5,Train,0.5653701424598694,-0.5115386843681335,7737.20361328125,-26404.90625
257,3,0.5,Test,0.5677114725112915,-0.5181005001068115,7770.1396484375,-26403.197265625
258,4,0.5,Train,0.5693289637565613,-0.512999951839447,15788.076171875,-54425.31640625
259,4,0.5,Test,0.5622864961624146,-0.4995034337043762,16355.751953125,-53923.67578125
260,0,0.52,Train,0.5648258328437805,-0.5023655891418457,34492.62890625,-117819.578125
261,0,0.52,Test,0.5620855689048767,-0.5091602802276611,35660.65234375,-118451.5859375
262,1,0.52,Train,0.5588875412940979,-0.5115511417388916,8777.4462890625,-29596.21875
263,1,0.52,Test,0.5531444549560547,-0.5064598917961121,8716.765625,-29314.46484375
264,2,0.52,Train,0.5596793293952942,-0.5237586498260498,8539.8955078125,-28556.3203125
265,2,0.52,Test,0.5611814260482788,-0.5247657299041748,8240.3662109375,-28690.2421875
266,3,0.52,Train,0.5611144304275513,-0.5099163055419922,8620.1796875,-29227.23046875
267,3,0.52,Test,0.5634920597076416,-0.5160309672355652,8655.1689453125,-29233.6640625
268,4,0.52,Train,0.5652216672897339,-0.5092805027961731,17533.697265625,-60093.16015625
269,4,0.52,Test,0.5586698651313782,-0.4928407073020935,18157.580078125,-59538.7421875
270,0,0.54,Train,0.5601246953010559,-0.49805748462677,38005.52734375,-129106.5234375
271,0,0.54,Test,0.5569620132446289,-0.5073217153549194,39280.546875,-129828.375
272,1,0.54,Train,0.5545823574066162,-0.5073559284210205,9669.7021484375,-32450.287109375
273,1,0.54,Test,0.5480208992958069,-0.5055772066116333,9604.2626953125,-32130.98828125
274,2,0.54,Train,0.5555225610733032,-0.5228396654129028,9451.3017578125,-31407.62890625
275,2,0.54,Test,0.5564597249031067,-0.5243183374404907,9120.9404296875,-31559.900390625
276,3,0.54,Train,0.5562648177146912,-0.5051406621932983,9499.2998046875,-32041.66796875
277,3,0.54,Test,0.5589712858200073,-0.513317883014679,9536.7470703125,-32056.798828125
278,4,0.54,Train,0.5600752234458923,-0.5053259134292603,19292.94921875,-65787.234375
279,4,0.54,Test,0.5517380237579346,-0.4868115186691284,19972.6484375,-65179.56640625
280,0,0.56,Train,0.5556710362434387,-0.49396318197250366,41496.97265625,-140353.1875
281,0,0.56,Test,0.5530440211296082,-0.5011516809463501,42875.44921875,-141153.671875
282,1,0.56,Train,0.5487430691719055,-0.5024483799934387,10565.9794921875,-35311.57421875
283,1,0.56,Test,0.5412899255752563,-0.5006411075592041,10496.48828125,-34954.8828125
284,2,0.56,Train,0.550870954990387,-0.5169180631637573,10347.0986328125,-34229.72265625
285,2,0.56,Test,0.5516375303268433,-0.5258309245109558,9988.31640625,-34397.59375
286,3,0.56,Train,0.551068902015686,-0.5015029907226562,10379.1943359375,-34857.62109375
287,3,0.56,Test,0.5546513795852661,-0.5055419206619263,10419.525390625,-34882.3515625
288,4,0.56,Train,0.5551266670227051,-0.5004634261131287,21059.107421875,-71494.15625
289,4,0.56,Test,0.5437010526657104,-0.48837149143218994,21795.46484375,-70833.6328125
290,0,0.58,Train,0.5492379069328308,-0.4900326132774353,45008.921875,-151637.203125
291,0,0.58,Test,0.550632894039154,-0.4967040717601776,46491.328125,-152515.765625
292,1,0.58,Train,0.5438440442085266,-0.4970564544200897,11467.689453125,-38182.6171875
293,1,0.58,Test,0.5372714400291443,-0.49457529187202454,11394.0595703125,-37787.390625
294,2,0.58,Train,0.5470605492591858,-0.5092321038246155,11249.3564453125,-37063.390625
295,2,0.58,Test,0.5465139746665955,-0.5225138068199158,10861.6279296875,-37246.78125
296,3,0.58,Train,0.5458234548568726,-0.4960212707519531,11260.1513671875,-37675.46875
297,3,0.58,Test,0.549929678440094,-0.4993138611316681,11302.716796875,-37709.41015625
298,4,0.58,Train,0.5506235361099243,-0.49641942977905273,22845.13671875,-77236.546875
299,4,0.58,Test,0.5386779308319092,-0.48233863711357117,23639.58203125,-76521.8828125
300,0,0.6,Train,0.5454275608062744,-0.4851214289665222,48575.0390625,-163013.921875
301,0,0.6,Test,0.547819972038269,-0.4941319227218628,50162.0078125,-163972.796875
302,1,0.6,Train,0.5405780076980591,-0.49099284410476685,12389.3408203125,-41088.07421875
303,1,0.6,Test,0.5335543751716614,-0.4890943169593811,12311.8583984375,-40652.6015625
304,2,0.6,Train,0.5416666865348816,-0.5036925673484802,12152.203125,-39898.01953125
305,2,0.6,Test,0.5411894917488098,-0.5219163298606873,11735.7568359375,-40097.2578125
306,3,0.6,Train,0.5410728454589844,-0.4916980266571045,12146.388671875,-40502.5859375
307,3,0.6,Test,0.5446051955223083,-0.49660080671310425,12191.30078125,-40547.4765625
308,4,0.6,Train,0.5460214018821716,-0.4921649098396301,24657.658203125,-83024.328125
309,4,0.6,Test,0.5347598791122437,-0.4737173914909363,25512.0859375,-82254.8828125
310,0,0.62,Train,0.541122317314148,-0.4802141785621643,52263.0546875,-174591.96875
311,0,0.62,Test,0.5430982708930969,-0.49170923233032227,53952.3203125,-175624.21875
312,1,0.62,Train,0.5366686582565308,-0.4853748679161072,13356.4560546875,-44069.27734375
313,1,0.62,Test,0.5304400324821472,-0.4826762080192566,13276.22265625,-43588.08203125
314,2,0.62,Train,0.5375593900680542,-0.4979076087474823,13072.658203125,-42761.8828125
315,2,0.62,Test,0.5359654426574707,-0.5189042687416077,12626.7626953125,-42976.41015625
316,3,0.62,Train,0.5368666052818298,-0.4878203868865967,13058.7509765625,-43372.9609375
317,3,0.62,Test,0.5415913462638855,-0.49068039655685425,13105.93359375,-43430.08203125
318,4,0.62,Train,0.5417656302452087,-0.48639458417892456,26535.052734375,-88920.015625
319,4,0.62,Test,0.5303395390510559,-0.46843868494033813,27451.521484375,-88092.890625
320,0,0.64,Train,0.541122317314148,-0.4802141785621643,52263.0859375,-174592.015625
321,0,0.64,Test,0.5429977774620056,-0.49203115701675415,53952.34765625,-175624.28125
322,1,0.64,Train,0.5336995124816895,-0.48263487219810486,14360.2421875,-47109.58203125
323,1,0.64,Test,0.5265219807624817,-0.4815393090248108,14278.1787109375,-46580.625
324,2,0.64,Train,0.5337985157966614,-0.49068549275398254,14005.70703125,-45645.9140625
325,2,0.64,Test,0.5311432480812073,-0.5127257704734802,13530.849609375,-45877.7890625
326,3,0.64,Train,0.5326108336448669,-0.4829510450363159,14002.8837890625,-46294.5
327,3,0.64,Test,0.5372714400291443,-0.48661550879478455,14052.8154296875,-46368.08984375
328,4,0.64,Train,0.5395882725715637,-0.4827316105365753,28514.96484375,-94981.3359375
329,4,0.64,Test,0.5260196924209595,-0.4602714478969574,29498.126953125,-94094.9453125
330,0,0.66,Train,0.5336995124816895,-0.47099095582962036,60096.140625,-198485.796875
331,0,0.66,Test,0.5366686582565308,-0.48475271463394165,61988.23828125,-199654.578125
332,1,0.66,Train,0.5336995124816895,-0.48263487219810486,14360.3232421875,-47109.73046875
333,1,0.66,Test,0.5265219807624817,-0.4815393090248108,14278.265625,-46580.7734375
334,2,0.66,Train,0.533748984336853,-0.4906127154827118,14005.7861328125,-45646.0625
335,2,0.66,Test,0.5311432480812073,-0.5127257704734802,13530.935546875,-45877.9453125
336,3,0.66,Train,0.5295427441596985,-0.47681814432144165,14989.6796875,-49282.4296875
337,3,0.66,Test,0.534860372543335,-0.48234522342681885,15042.9912109375,-49375.984375
338,4,0.66,Train,0.5394893288612366,-0.4830397069454193,28515.017578125,-94981.4296875
339,4,0.66,Test,0.5259191989898682,-0.46012136340141296,29498.177734375,-94095.0390625
340,0,0.68,Train,0.5311757922172546,-0.46906760334968567,64172.90234375,-210674.75
341,0,0.68,Test,0.5330520272254944,-0.4833522140979767,66165.4375,-211915.625
342,1,0.68,Train,0.5288994312286377,-0.47896942496299744,16474.8515625,-53354.02734375
343,1,0.68,Test,0.5212979912757874,-0.47704991698265076,16389.111328125,-52721.0078125
344,2,0.68,Train,0.5266231298446655,-0.48100733757019043,15986.2197265625,-51591.55859375
345,2,0.68,Test,0.5229053497314453,-0.5059448480606079,15451.439453125,-51867.9921875
346,3,0.68,Train,0.5271179676055908,-0.4754425585269928,16042.056640625,-52369.62109375
347,3,0.68,Test,0.5324492454528809,-0.47793516516685486,16098.3212890625,-52480.1328125
348,4,0.68,Train,0.534045934677124,-0.4795404076576233,32754.751953125,-107539.125
349,4,0.68,Test,0.5214989185333252,-0.45089611411094666,33891.1171875,-106521.7421875
350,0,0.7000000000000001,Train,0.5311757922172546,-0.46906760334968567,64172.91015625,-210674.765625
351,0,0.7000000000000001,Test,0.5330520272254944,-0.4833522140979767,66165.4453125,-211915.640625
352,1,0.7000000000000001,Train,0.5288994312286377,-0.47896942496299744,16474.92578125,-53354.1640625
353,1,0.7000000000000001,Test,0.5212979912757874,-0.47704991698265076,16389.189453125,-52721.14453125
354,2,0.7000000000000001,Train,0.5237034559249878,-0.47811466455459595,17025.560546875,-54637.11328125
355,2,0.7000000000000001,Test,0.5206952095031738,-0.5042887330055237,16457.84765625,-54941.515625
356,3,0.7000000000000001,Train,0.5246437191963196,-0.4766421318054199,17141.474609375,-55526.65625
357,3,0.7000000000000001,Test,0.5298372507095337,-0.4802943468093872,17200.7265625,-55654.22265625
358,4,0.7000000000000001,Train,0.5309778451919556,-0.4774179458618164,34877.1171875,-113822.8984375
359,4,0.7000000000000001,Test,0.5197910666465759,-0.44803714752197266,36087.4296875,-112741.5859375
360,0,0.72,Train,0.5258808135986328,-0.46574610471725464,72722.8671875,-235639.15625
361,0,0.72,Test,0.5284307599067688,-0.48084336519241333,74890.4453125,-237015.96875
362,1,0.72,Train,0.5240498781204224,-0.4744730591773987,18669.828125,-59721.01953125
363,1,0.72,Test,0.5178822875022888,-0.46945130825042725,18581.30859375,-58980.80859375
364,2,0.72,Train,0.5235550403594971,-0.47812366485595703,17025.634765625,-54637.23828125
365,2,0.72,Test,0.5205947160720825,-0.5045905113220215,16457.92578125,-54941.64453125
366,3,0.72,Train,0.5223178863525391,-0.4723920226097107,18220.314453125,-58654.359375
367,3,0.72,Test,0.5271247625350952,-0.47972580790519714,18282.74609375,-58799.19140625
368,4,0.72,Train,0.5285035371780396,-0.47665733098983765,37025.73828125,-120144.3125
369,4,0.72,Test,0.5180831551551819,-0.4436478018760681,38310.8203125,-118998.6796875
370,0,0.74,Train,0.5258808135986328,-0.46574610471725464,72722.8671875,-235639.1875
371,0,0.74,Test,0.5284307599067688,-0.48084336519241333,74890.4453125,-237015.953125
372,1,0.74,Train,0.5212292075157166,-0.4722045063972473,19753.818359375,-62885.41015625
373,1,0.74,Test,0.5134619474411011,-0.47047561407089233,19664.212890625,-62093.8203125
374,2,0.74,Train,0.519942581653595,-0.4767494797706604,19230.62890625,-60907.69921875
375,2,0.74,Test,0.5164757966995239,-0.500074028968811,18591.10546875,-61275.39453125
376,3,0.74,Train,0.5223178863525391,-0.4723920226097107,18220.38671875,-58654.484375
377,3,0.74,Test,0.5271247625350952,-0.47972580790519714,18282.810546875,-58799.30859375
378,4,0.74,Train,0.526771605014801,-0.4757425785064697,39209.80078125,-126514.59375
379,4,0.74,Test,0.5163753032684326,-0.4413892328739166,40571.75,-125303.1484375
380,0,0.76,Train,0.5214271545410156,-0.46533459424972534,81349.0859375,-260710.125
381,0,0.76,Test,0.5239099860191345,-0.4777204096317291,83680.0078125,-262203.21875
382,1,0.76,Train,0.5194972157478333,-0.4697636365890503,20858.279296875,-66077.5
383,1,0.76,Test,0.5108498930931091,-0.47161614894866943,20767.173828125,-65230.453125
384,2,0.76,Train,0.519942581653595,-0.4767494797706604,19230.66796875,-60907.7734375
385,2,0.76,Test,0.5164757966995239,-0.500074028968811,18591.1484375,-61275.45703125
386,3,0.76,Train,0.5181116461753845,-0.4682767391204834,20374.162109375,-64904.10546875
387,3,0.76,Test,0.5219007730484009,-0.47140002250671387,20442.568359375,-65085.46484375
388,4,0.76,Train,0.5254354476928711,-0.47573575377464294,41430.0,-132933.984375
389,4,0.76,Test,0.5140646696090698,-0.4407999515533447,42874.7734375,-131655.5
390,0,0.78,Train,0.5214271545410156,-0.46533459424972534,81349.0859375,-260710.109375
391,0,0.78,Test,0.5239099860191345,-0.4777204096317291,83680.0078125,-262203.25
392,1,0.78,Train,0.5175672769546509,-0.47095200419425964,21991.16015625,-69306.7578125
393,1,0.78,Test,0.5088406801223755,-0.47168153524398804,21898.8046875,-68403.453125
394,2,0.78,Train,0.5161322355270386,-0.4745476245880127,21460.685546875,-67214.046875
395,2,0.78,Test,0.5135623812675476,-0.49871861934661865,20745.83984375,-67647.75
396,3,0.78,Train,0.516082763671875,-0.4674997925758362,21473.037109375,-68057.71875
397,3,0.78,Test,0.5197910666465759,-0.47237929701805115,21545.681640625,-68258.5234375
398,4,0.78,Train,0.5232086181640625,-0.4738485813140869,43643.875,-139344.75
399,4,0.78,Test,0.5114526748657227,-0.4423450827598572,45169.90234375,-137997.296875
400,0,0.8,Train,0.51776522397995,-0.4641002416610718,90240.609375,-286127.9375
401,0,0.8,Test,0.5220012068748474,-0.478454053401947,92738.2578125,-287739.34375
402,1,0.8,Train,0.5175672769546509,-0.47095200419425964,21991.21875,-69306.8515625
403,1,0.8,Test,0.5088406801223755,-0.47168153524398804,21898.8671875,-68403.546875
404,2,0.8,Train,0.5131630897521973,-0.47356486320495605,22549.40625,-70333.328125
405,2,0.8,Test,0.5104480385780334,-0.49736538529396057,21801.939453125,-70795.3359375
406,3,0.8,Train,0.5140043497085571,-0.46719586849212646,22581.626953125,-71223.7734375
407,3,0.8,Test,0.518384575843811,-0.4710274636745453,22658.408203125,-71444.703125
408,4,0.8,Train,0.5218725204467773,-0.4749765396118164,45906.32421875,-145818.5625
409,4,0.8,Test,0.5107494592666626,-0.4411333203315735,47519.55078125,-144402.203125
410,0,0.8200000000000001,Train,0.5159837603569031,-0.46300172805786133,94725.046875,-298886.5
411,0,0.8200000000000001,Test,0.5194896459579468,-0.47772741317749023,97304.953125,-300560.0
412,1,0.8200000000000001,Train,0.5144002437591553,-0.4711482524871826,24277.390625,-75790.9296875
413,1,0.8200000000000001,Test,0.5058268308639526,-0.4682454466819763,24182.681640625,-74775.6328125
414,2,0.8200000000000001,Train,0.5130641460418701,-0.47364670038223267,22549.470703125,-70333.4296875
415,2,0.8200000000000001,Test,0.5104480385780334,-0.49736538529396057,21802.00390625,-70795.421875
416,3,0.8200000000000001,Train,0.5139548778533936,-0.46734893321990967,22581.685546875,-71223.859375
417,3,0.8200000000000001,Test,0.518384575843811,-0.4710274636745453,22658.46484375,-71444.796875
418,4,0.8200000000000001,Train,0.5216745734214783,-0.4749118387699127,45906.328125,-145818.5625
419,4,0.8200000000000001,Test,0.5106489658355713,-0.44098326563835144,47519.55859375,-144402.203125
420,0,0.84,Train,0.5159837603569031,-0.46300172805786133,94725.046875,-298886.5
421,0,0.84,Test,0.5194896459579468,-0.47772741317749023,97304.953125,-300560.0
422,1,0.84,Train,0.5130146741867065,-0.46977728605270386,25434.869140625,-79051.015625
423,1,0.84,Test,0.505424976348877,-0.4684053063392639,25338.802734375,-77977.8359375
424,2,0.84,Train,0.5091547966003418,-0.4708263576030731,24773.169921875,-76628.5234375
425,2,0.84,Test,0.5067309737205505,-0.4948073625564575,23957.619140625,-77152.21875
426,3,0.84,Train,0.5111342072486877,-0.4676116108894348,24863.462890625,-77636.5859375
427,3,0.84,Test,0.5159734487533569,-0.4688180983066559,24948.556640625,-77897.53125
428,4,0.84,Train,0.5183095932006836,-0.47536855936050415,50476.99609375,-158821.640625
429,4,0.84,Test,0.5075346827507019,-0.44571709632873535,52267.8125,-157266.90625
430,0,0.86,Train,0.5159837603569031,-0.46300172805786133,94725.0625,-298886.53125
431,0,0.86,Test,0.5194896459579468,-0.47772741317749023,97304.96875,-300560.03125
432,1,0.86,Train,0.5130146741867065,-0.46977728605270386,25434.9453125,-79051.125
433,1,0.86,Test,0.505424976348877,-0.4684053063392639,25338.880859375,-77977.9375
434,2,0.86,Train,0.5076702237129211,-0.4711441695690155,25920.65625,-79818.875
435,2,0.86,Test,0.5048221945762634,-0.4940565228462219,25067.8359375,-80377.15625
436,3,0.86,Train,0.509451687335968,-0.46887749433517456,26008.271484375,-80848.0234375
437,3,0.86,Test,0.5141651630401611,-0.4707203805446625,26097.578125,-81128.4609375
438,4,0.86,Train,0.5183095932006836,-0.47536855936050415,50477.0078125,-158821.65625
439,4,0.86,Test,0.5075346827507019,-0.44571709632873535,52267.8203125,-157266.90625
440,0,0.88,Train,0.5109362602233887,-0.4634290039539337,108397.9453125,-337426.8125
441,0,0.88,Test,0.5144665241241455,-0.4793739914894104,111246.1875,-339309.53125
442,1,0.88,Train,0.5096991062164307,-0.4724661111831665,27781.2578125,-85608.6484375
443,1,0.88,Test,0.502812922000885,-0.4721319079399109,27683.19140625,-84417.671875
444,2,0.88,Train,0.5076702237129211,-0.4711441695690155,25920.736328125,-79818.9921875
445,2,0.88,Test,0.5048221945762634,-0.4940565228462219,25067.919921875,-80377.28125
446,3,0.88,Train,0.5094022154808044,-0.46880438923835754,26008.35546875,-80848.140625
447,3,0.88,Test,0.5141651630401611,-0.4707203805446625,26097.662109375,-81128.578125
448,4,0.88,Train,0.5153899192810059,-0.4787028729915619,55072.46875,-171854.953125
449,4,0.88,Test,0.5044203400611877,-0.446511834859848,57039.96484375,-170161.09375
450,0,0.9,Train,0.5109362602233887,-0.4634290039539337,108397.9453125,-337426.8125
451,0,0.9,Test,0.5144665241241455,-0.4793739914894104,111246.1875,-339309.53125
452,1,0.9,Train,0.5096991062164307,-0.4724661111831665,27781.34375,-85608.7578125
453,1,0.9,Test,0.5027124881744385,-0.4719829857349396,27683.2734375,-84417.7734375
454,2,0.9,Train,0.5045031905174255,-0.4684784710407257,28219.572265625,-86204.1015625
455,2,0.9,Test,0.5010046362876892,-0.4949677586555481,27293.453125,-86832.8203125
456,3,0.9,Train,0.5064826011657715,-0.4680297076702118,28321.595703125,-87298.2734375
457,3,0.9,Test,0.5106489658355713,-0.47416120767593384,28418.353515625,-87616.0078125
458,4,0.9,Train,0.5153899192810059,-0.4787028729915619,55072.46875,-171854.953125
459,4,0.9,Test,0.5044203400611877,-0.446511834859848,57039.97265625,-170161.109375
460,0,0.92,Train,0.5078186988830566,-0.46562787890434265,117594.703125,-363214.46875
461,0,0.92,Test,0.5112517476081848,-0.48259711265563965,120626.7421875,-365245.625
462,1,0.92,Train,0.5066805481910706,-0.47431761026382446,30125.8203125,-92164.0625
463,1,0.92,Test,0.5004018545150757,-0.4731561839580536,30025.96875,-90857.046875
464,2,0.92,Train,0.5044536590576172,-0.46863308548927307,28219.6484375,-86204.2109375
465,2,0.92,Test,0.5010046362876892,-0.4949677586555481,27293.537109375,-86832.9296875
466,3,0.92,Train,0.5049980282783508,-0.46869683265686035,29485.619140625,-90531.4296875
467,3,0.92,Test,0.5079365372657776,-0.4754762351512909,29586.45703125,-90869.2109375
468,4,0.92,Train,0.512866199016571,-0.4799133837223053,59696.375,-184920.96875
469,4,0.92,Test,0.5004018545150757,-0.4500412940979004,61841.3984375,-183089.109375
470,0,0.9400000000000001,Train,0.5078186988830566,-0.46562787890434265,117594.703125,-363214.46875
471,0,0.9400000000000001,Test,0.5112517476081848,-0.48259711265563965,120626.7421875,-365245.625
472,1,0.9400000000000001,Train,0.505393922328949,-0.4760311543941498,31305.384765625,-95449.6328125
473,1,0.9400000000000001,Test,0.4984930753707886,-0.47600024938583374,31204.787109375,-94084.421875
474,2,0.9400000000000001,Train,0.5020288825035095,-0.47083336114883423,30549.751953125,-92624.6796875
475,2,0.9400000000000001,Test,0.49778982996940613,-0.49587681889533997,29546.8203125,-93328.1328125
476,3,0.9400000000000001,Train,0.5036619305610657,-0.47064822912216187,30649.97265625,-93765.171875
477,3,0.9400000000000001,Test,0.5060276985168457,-0.47780734300613403,30755.55859375,-94122.6953125
478,4,0.9400000000000001,Train,0.5127671957015991,-0.4798486828804016,59696.37890625,-184920.96875
479,4,0.9400000000000001,Test,0.5003013610839844,-0.44989120960235596,61841.3984375,-183089.125
480,0,0.96,Train,0.5045526623725891,-0.4673812985420227,126818.5234375,-389033.25
481,0,0.96,Test,0.508941113948822,-0.4853222668170929,130035.453125,-391220.5
482,1,0.96,Train,0.505393922328949,-0.4760311543941498,31305.42578125,-95449.6875
483,1,0.96,Test,0.4984930753707886,-0.47600024938583374,31204.828125,-94084.484375
484,2,0.96,Train,0.5004948377609253,-0.4725065231323242,31719.83203125,-95840.171875
485,2,0.96,Test,0.4966847598552704,-0.4964819848537445,30677.271484375,-96580.359375
486,3,0.96,Train,0.5036619305610657,-0.47064822912216187,30650.017578125,-93765.234375
487,3,0.96,Test,0.5060276985168457,-0.47780734300613403,30755.599609375,-94122.75
488,4,0.96,Train,0.5099960565567017,-0.48135906457901,64324.26953125,-197991.234375
489,4,0.96,Test,0.4985935389995575,-0.45279452204704285,66645.5,-196020.703125
490,0,0.98,Train,0.5045526623725891,-0.4673812985420227,126818.5234375,-389033.25
491,0,0.98,Test,0.508941113948822,-0.4853222668170929,130035.453125,-391220.5
492,1,0.98,Train,0.5025237798690796,-0.4795379638671875,33664.1796875,-102020.6328125
493,1,0.98,Test,0.4949769079685211,-0.4762799143791199,33561.2734375,-100538.5859375
494,2,0.98,Train,0.5004948377609253,-0.4725065231323242,31719.87890625,-95840.2109375
495,2,0.98,Test,0.4966847598552704,-0.4964819848537445,30677.31640625,-96580.4140625
496,3,0.98,Train,0.5010392069816589,-0.4728805422782898,32972.03125,-100225.34375
497,3,0.98,Test,0.5026119947433472,-0.4818728566169739,33085.30078125,-100620.7109375
498,4,0.98,Train,0.5099960565567017,-0.48135906457901,64324.26953125,-197991.234375
499,4,0.98,Test,0.4985935389995575,-0.45279452204704285,66645.5078125,-196020.6875
500,0,1.0,Train,0.5045526623725891,-0.4673812985420227,126818.53125,-389033.21875
501,0,1.0,Test,0.508941113948822,-0.4853222668170929,130035.4609375,-391220.53125
502,1,1.0,Train,0.5025237798690796,-0.4795379638671875,33664.21484375,-102020.6953125
503,1,1.0,Test,0.4949769079685211,-0.4762799143791199,33561.3203125,-100538.6640625
504,2,1.0,Train,0.4977731704711914,-0.47524335980415344,34054.0234375,-102264.9296875
505,2,1.0,Test,0.4939722716808319,-0.4976928234100342,32932.13671875,-103079.15625
506,3,1.0,Train,0.49990102648735046,-0.4743794798851013,34134.203125,-103456.7109375
507,3,1.0,Test,0.5016074180603027,-0.4831223785877228,34251.44921875,-103870.2734375
508,4,1.0,Train,0.5071259140968323,-0.4834210276603699,68937.484375,-211046.390625
509,4,1.0,Test,0.4952782690525055,-0.45661306381225586,71433.796875,-208932.96875
510,0,1.02,Train,0.5003464221954346,-0.47064265608787537,140763.875,-427871.78125
511,0,1.02,Test,0.5057263374328613,-0.48766911029815674,144248.640625,-430272.875
512,1,1.02,Train,0.49960410594940186,-0.4838089346885681,36017.34375,-108586.0546875
513,1,1.02,Test,0.49226441979408264,-0.4797413647174835,35911.28125,-106985.609375
514,2,1.02,Train,0.4963875710964203,-0.4752520024776459,35225.34765625,-105481.6484375
515,2,1.02,Test,0.4935704171657562,-0.49769389629364014,34063.328125,-106332.7578125
516,3,1.02,Train,0.4999505281448364,-0.4743063449859619,34134.25,-103456.75
517,3,1.02,Test,0.5016074180603027,-0.4831223785877228,34251.48828125,-103870.3359375
518,4,1.02,Train,0.5060867071151733,-0.4832518696784973,71254.4296875,-217584.03125
519,4,1.02,Test,0.49326902627944946,-0.45572733879089355,73837.5625,-215400.484375
520,0,1.04,Train,0.5003464221954346,-0.47064265608787537,140763.875,-427871.78125
521,0,1.04,Test,0.5057263374328613,-0.48766911029815674,144248.640625,-430272.875
522,1,1.04,Train,0.49960410594940186,-0.4838089346885681,36017.3515625,-108586.0546875
523,1,1.04,Test,0.49226441979408264,-0.4797413647174835,35911.29296875,-106985.609375
524,2,1.04,Train,0.4963875710964203,-0.4754794239997864,35225.39453125,-105481.7109375
525,2,1.04,Test,0.4935704171657562,-0.49769389629364014,34063.37890625,-106332.8125
526,3,1.04,Train,0.4971298575401306,-0.47789597511291504,36455.18359375,-109915.9453125
527,3,1.04,Test,0.4981916844844818,-0.4865725338459015,36580.546875,-110366.71875
528,4,1.04,Train,0.5060867071151733,-0.4832518696784973,71254.4296875,-217584.03125
529,4,1.04,Test,0.49326902627944946,-0.45572733879089355,73837.5625,-215400.484375
530,0,1.06,Train,0.49742674827575684,-0.4729174077510834,150089.0625,-453794.5625
531,0,1.06,Test,0.5025115609169006,-0.4888477921485901,153747.5625,-456322.375
532,1,1.06,Train,0.4968824088573456,-0.4859660863876343,38367.234375,-115148.0234375
533,1,1.06,Test,0.4896523952484131,-0.48333001136779785,38258.2109375,-113429.46875
534,2,1.06,Train,0.4943091869354248,-0.4764699935913086,37587.72265625,-111933.9453125
535,2,1.06,Test,0.49085795879364014,-0.4992070198059082,36347.3359375,-112860.5859375
536,3,1.06,Train,0.4971793293952942,-0.47782284021377563,36455.19140625,-109915.9609375
537,3,1.06,Test,0.4981916844844818,-0.4865725338459015,36580.55078125,-110366.7265625
538,4,1.06,Train,0.5060867071151733,-0.4832518696784973,71254.4453125,-217584.0625
539,4,1.06,Test,0.49326902627944946,-0.45572733879089355,73837.5703125,-215400.5
540,0,1.08,Train,0.49742674827575684,-0.4729174077510834,150089.0625,-453794.5625
541,0,1.08,Test,0.5025115609169006,-0.4888477921485901,153747.5625,-456322.375
542,1,1.08,Train,0.4968824088573456,-0.4859660863876343,38367.23828125,-115148.0234375
543,1,1.08,Test,0.4896523952484131,-0.48333001136779785,38258.21875,-113429.484375
544,2,1.08,Train,0.4943091869354248,-0.4764699935913086,37587.7265625,-111933.9609375
545,2,1.08,Test,0.49085795879364014,-0.4992070198059082,36347.33984375,-112860.5859375
546,3,1.08,Train,0.49455660581588745,-0.4808138608932495,38793.53125,-116391.84375
547,3,1.08,Test,0.49557965993881226,-0.48742133378982544,38926.9375,-116879.015625
548,4,1.08,Train,0.5017319917678833,-0.4864334762096405,78237.234375,-237227.953125
549,4,1.08,Test,0.48995378613471985,-0.4583452343940735,81084.375,-234835.265625
550,0,1.1,Train,0.49490299820899963,-0.475563645362854,159464.890625,-479763.5625
551,0,1.1,Test,0.5006027817726135,-0.48999306559562683,163291.75,-482420.03125
552,1,1.1,Train,0.4941607415676117,-0.4866078794002533,40735.99609375,-121727.78125
553,1,1.1,Test,0.48724129796028137,-0.4827997088432312,40625.01953125,-119890.6171875
554,2,1.1,Train,0.4918349087238312,-0.48027104139328003,39961.07421875,-118397.0
555,2,1.1,Test,0.487743616104126,-0.5026806592941284,38643.3125,-119400.234375
556,3,1.1,Train,0.49455660581588745,-0.4808138608932495,38793.5390625,-116391.84375
557,3,1.1,Test,0.49557965993881226,-0.48742133378982544,38926.9375,-116879.0
558,4,1.1,Train,0.5017319917678833,-0.4864334762096405,78237.2421875,-237227.953125
559,4,1.1,Test,0.48995378613471985,-0.4583452343940735,81084.3671875,-234835.296875
560,0,1.12,Train,0.49490299820899963,-0.475563645362854,159464.890625,-479763.5625
561,0,1.12,Test,0.5006027817726135,-0.48999306559562683,163291.75,-482420.03125
562,1,1.12,Train,0.4941607415676117,-0.4866078794002533,40736.0,-121727.796875
563,1,1.12,Test,0.48724129796028137,-0.4827997088432312,40625.02734375,-119890.6328125
564,2,1.12,Train,0.4918349087238312,-0.48027104139328003,39961.078125,-118397.0
565,2,1.12,Test,0.48764315247535706,-0.5029824376106262,38643.3203125,-119400.2421875
566,3,1.12,Train,0.49203285574913025,-0.4827536940574646,41134.6484375,-122870.3984375
567,3,1.12,Test,0.4926662743091583,-0.49008822441101074,41276.87109375,-123396.8828125
568,4,1.12,Train,0.4995546340942383,-0.4877168834209442,82912.640625,-250344.234375
569,4,1.12,Test,0.4874422252178192,-0.4589788317680359,85936.875,-247813.140625
570,0,1.1400000000000001,Train,0.4922802746295929,-0.47925639152526855,168796.625,-505692.28125
571,0,1.1400000000000001,Test,0.5,-0.49116477370262146,172796.25,-508489.375
572,1,1.1400000000000001,Train,0.49188441038131714,-0.48980897665023804,43118.39453125,-128320.0
573,1,1.1400000000000001,Test,0.48483023047447205,-0.4857926070690155,43006.16015625,-126368.9765625
574,2,1.1400000000000001,Train,0.4917854368686676,-0.4801982641220093,39961.265625,-118397.2265625
575,2,1.1400000000000001,Test,0.48764315247535706,-0.5029824376106262,38643.51953125,-119400.4765625
576,3,1.1400000000000001,Train,0.49203285574913025,-0.4827536940574646,41134.65625,-122870.3984375
577,3,1.1400000000000001,Test,0.4926662743091583,-0.49008822441101074,41276.875,-123396.8984375
578,4,1.1400000000000001,Train,0.4995546340942383,-0.4877168834209442,82912.640625,-250344.234375
579,4,1.1400000000000001,Test,0.4874422252178192,-0.4589788317680359,85936.875,-247813.140625
580,0,1.16,Train,0.4922802746295929,-0.47925639152526855,168796.625,-505692.28125
581,0,1.16,Test,0.5,-0.49116477370262146,172796.25,-508489.375
582,1,1.16,Train,0.49168646335601807,-0.49019432067871094,43118.40234375,-128320.0
583,1,1.16,Test,0.48483023047447205,-0.4857926070690155,43006.171875,-126368.9921875
584,2,1.16,Train,0.48812350630760193,-0.4820252060890198,43535.67578125,-128104.3828125
585,2,1.16,Test,0.48201727867126465,-0.5108344554901123,42102.921875,-129221.5
586,3,1.16,Train,0.4897565245628357,-0.4827970266342163,43485.09765625,-129356.9296875
587,3,1.16,Test,0.489752858877182,-0.4904707968235016,43635.20703125,-129921.3828125
588,4,1.16,Train,0.49737727642059326,-0.4905890226364136,87601.65625,-263471.28125
589,4,1.16,Test,0.4854329824447632,-0.4624861180782318,90801.78125,-260803.578125
590,0,1.18,Train,0.4922802746295929,-0.47925639152526855,168796.625,-505692.3125
591,0,1.18,Test,0.5,-0.49116477370262146,172796.25,-508489.375
592,1,1.18,Train,0.48921218514442444,-0.4903109073638916,45501.328125,-134912.65625
593,1,1.18,Test,0.48201727867126465,-0.48654085397720337,45388.1484375,-132846.046875
594,2,1.18,Train,0.48812350630760193,-0.4820252060890198,43535.68359375,-128104.3984375
595,2,1.18,Test,0.48201727867126465,-0.5108344554901123,42102.9296875,-129221.484375
596,3,1.18,Train,0.4897565245628357,-0.4827970266342163,43485.1015625,-129356.9453125
597,3,1.18,Test,0.489752858877182,-0.4904707968235016,43635.20703125,-129921.3828125
598,4,1.18,Train,0.49737727642059326,-0.4905890226364136,87601.671875,-263471.28125
599,4,1.18,Test,0.4854329824447632,-0.4624861180782318,90801.7890625,-260803.578125
600,0,1.2,Train,0.4922802746295929,-0.47925639152526855,168796.65625,-505692.28125
601,0,1.2,Test,0.5,-0.49116477370262146,172796.25,-508489.4375
602,1,1.2,Train,0.48921218514442444,-0.4903109073638916,45501.3359375,-134912.65625
603,1,1.2,Test,0.48201727867126465,-0.48654085397720337,45388.15234375,-132846.046875
604,2,1.2,Train,0.4862925708293915,-0.4837706983089447,45920.89453125,-134577.9375
605,2,1.2,Test,0.4800080358982086,-0.5106876492500305,44410.89453125,-135769.6875
606,3,1.2,Train,0.4875296950340271,-0.4855617880821228,45846.3984375,-135852.953125
607,3,1.2,Test,0.4879445433616638,-0.49282997846603394,46004.75,-136456.546875
608,4,1.2,Train,0.49737727642059326,-0.4905890226364136,87601.6796875,-263471.3125
609,4,1.2,Test,0.4854329824447632,-0.4624861180782318,90801.8046875,-260803.546875
610,0,1.22,Train,0.4922802746295929,-0.47925639152526855,168796.6875,-505692.3125
611,0,1.22,Test,0.5,-0.49116477370262146,172796.265625,-508489.4375
612,1,1.22,Train,0.4868863821029663,-0.4907933473587036,47900.92578125,-141519.546875
613,1,1.22,Test,0.4780992567539215,-0.49082323908805847,47789.03125,-139338.0625
614,2,1.22,Train,0.4862925708293915,-0.4837706983089447,45920.8984375,-134577.9375
615,2,1.22,Test,0.4800080358982086,-0.5106876492500305,44410.90625,-135769.703125
616,3,1.22,Train,0.4875296950340271,-0.4855617880821228,45846.40234375,-135852.953125
617,3,1.22,Test,0.4879445433616638,-0.49282997846603394,46004.75,-136456.5625
618,4,1.22,Train,0.49425968527793884,-0.4955781102180481,94666.0625,-283188.53125
619,4,1.22,Test,0.48020896315574646,-0.46648430824279785,98131.6484375,-280312.75
620,0,1.24,Train,0.4862925708293915,-0.4821062684059143,192311.3125,-570677.375
621,0,1.24,Test,0.49547919631004333,-0.49418896436691284,196719.328125,-573796.5625
622,1,1.24,Train,0.4868863821029663,-0.4907933473587036,47900.9375,-141519.546875
623,1,1.24,Test,0.4780992567539215,-0.49082323908805847,47789.0390625,-139338.078125
624,2,1.24,Train,0.4837687909603119,-0.4863619804382324,48313.5390625,-141057.84375
625,2,1.24,Test,0.4767932593822479,-0.5122013688087463,46726.69140625,-142325.734375
626,3,1.24,Train,0.48505541682243347,-0.4878672957420349,48206.421875,-142347.984375
627,3,1.24,Test,0.48573437333106995,-0.4938373565673828,48372.4921875,-142991.453125
628,4,1.24,Train,0.49425968527793884,-0.4955781102180481,94666.0703125,-283188.53125
629,4,1.24,Test,0.48020896315574646,-0.46648430824279785,98131.65625,-280312.75
630,0,1.26,Train,0.4862925708293915,-0.4821062684059143,192311.328125,-570677.3125
631,0,1.26,Test,0.49547919631004333,-0.49418896436691284,196719.34375,-573796.5625
632,1,1.26,Train,0.48461005091667175,-0.49286437034606934,50300.578125,-148126.40625
633,1,1.26,Test,0.4755876958370209,-0.49062347412109375,50189.06640625,-145829.96875
634,2,1.26,Train,0.4837687909603119,-0.4863619804382324,48313.54296875,-141057.859375
635,2,1.26,Test,0.4767932593822479,-0.5122013688087463,46726.69921875,-142325.75
636,3,1.26,Train,0.48505541682243347,-0.4878672957420349,48206.42578125,-142347.984375
637,3,1.26,Test,0.48573437333106995,-0.4938373565673828,48372.49609375,-142991.46875
638,4,1.26,Train,0.49425968527793884,-0.4955781102180481,94666.0859375,-283188.5625
639,4,1.26,Test,0.48020896315574646,-0.46648430824279785,98131.6640625,-280312.75
640,0,1.28,Train,0.4837687909603119,-0.4840813875198364,201744.5,-596693.5625
641,0,1.28,Test,0.49236488342285156,-0.4970337152481079,206312.875,-599939.8125
642,1,1.28,Train,0.48461005091667175,-0.49286437034606934,50300.58203125,-148126.421875
643,1,1.28,Test,0.4755876958370209,-0.49062347412109375,50189.07421875,-145829.96875
644,2,1.28,Train,0.4810965955257416,-0.4856153130531311,50710.73828125,-147540.90625
645,2,1.28,Test,0.4738798439502716,-0.51386559009552,49049.6328125,-148884.203125
646,3,1.28,Train,0.4826306402683258,-0.4898734390735626,50573.21484375,-148848.28125
647,3,1.28,Test,0.48382559418678284,-0.4966440498828888,50747.5625,-149531.375
648,4,1.28,Train,0.4905482828617096,-0.5002591013908386,101754.2890625,-302925.4375
649,4,1.28,Test,0.4771950840950012,-0.4671289920806885,105483.5078125,-299837.34375
650,0,1.3,Train,0.4837687909603119,-0.4840813875198364,201744.5,-596693.5625
651,0,1.3,Test,0.49236488342285156,-0.4970337152481079,206312.875,-599939.8125
652,1,1.3,Train,0.48193785548210144,-0.4965304732322693,52696.05078125,-154729.953125
653,1,1.3,Test,0.47367891669273376,-0.4908595681190491,52584.53125,-152318.296875
654,2,1.3,Train,0.4810965955257416,-0.4856153130531311,50710.73828125,-147540.90625
655,2,1.3,Test,0.4738798439502716,-0.51386559009552,49049.640625,-148884.203125
656,3,1.3,Train,0.4826306402683258,-0.4898734390735626,50573.21484375,-148848.28125
657,3,1.3,Test,0.48382559418678284,-0.4966440498828888,50747.5703125,-149531.390625
658,4,1.3,Train,0.4905482828617096,-0.5002591013908386,101754.2890625,-302925.4375
659,4,1.3,Test,0.4771950840950012,-0.4671289920806885,105483.5078125,-299837.34375
660,0,1.32,Train,0.4837687909603119,-0.4840813875198364,201744.515625,-596693.5625
661,0,1.32,Test,0.49236488342285156,-0.4970337152481079,206312.875,-599939.8125
662,1,1.32,Train,0.48193785548210144,-0.4965304732322693,52696.05859375,-154729.96875
663,1,1.32,Test,0.47367891669273376,-0.4908595681190491,52584.53515625,-152318.3125
664,2,1.32,Train,0.4793646037578583,-0.4876519441604614,53116.56640625,-154031.359375
665,2,1.32,Test,0.4695599675178528,-0.5152308940887451,51382.1640625,-155451.140625
666,3,1.32,Train,0.48050278425216675,-0.49278444051742554,52943.421875,-155351.734375
667,3,1.32,Test,0.48111310601234436,-0.49656975269317627,53126.2578125,-156075.015625
668,4,1.32,Train,0.4905482828617096,-0.5002591013908386,101754.3125,-302925.4375
669,4,1.32,Test,0.4771950840950012,-0.4671289920806885,105483.53125,-299837.40625
670,0,1.34,Train,0.48005738854408264,-0.48756641149520874,215901.15625,-635724.4375
671,0,1.34,Test,0.48995378613471985,-0.4980365037918091,220712.734375,-639162.8125
672,1,1.34,Train,0.4797604978084564,-0.4980698525905609,55099.0859375,-161339.109375
673,1,1.34,Test,0.4723729193210602,-0.4918293356895447,54987.359375,-158811.015625
674,2,1.34,Train,0.4793646037578583,-0.4876519441604614,53116.57421875,-154031.359375
675,2,1.34,Test,0.4695599675178528,-0.5152308940887451,51382.17578125,-155451.140625
676,3,1.34,Train,0.48050278425216675,-0.49278444051742554,52943.42578125,-155351.71875
677,3,1.34,Test,0.48111310601234436,-0.49656975269317627,53126.26171875,-156075.015625
678,4,1.34,Train,0.4869358539581299,-0.5028973817825317,108866.953125,-322682.4375
679,4,1.34,Test,0.4737793803215027,-0.4726353883743286,112859.8046875,-319383.59375
680,0,1.36,Train,0.48005738854408264,-0.48756641149520874,215901.15625,-635724.4375
681,0,1.36,Test,0.48995378613471985,-0.4980365037918091,220712.734375,-639162.8125
682,1,1.36,Train,0.4797604978084564,-0.4980698525905609,55099.08984375,-161339.140625
683,1,1.36,Test,0.4723729193210602,-0.4918293356895447,54987.3671875,-158811.03125
684,2,1.36,Train,0.4771377742290497,-0.49053436517715454,55509.1875,-160511.125
685,2,1.36,Test,0.46714887022972107,-0.5168934464454651,53699.734375,-162007.21875
686,3,1.36,Train,0.4785233438014984,-0.49441125988960266,55323.921875,-161862.578125
687,3,1.36,Test,0.4786015748977661,-0.49742794036865234,55514.5234375,-162624.796875
688,4,1.36,Train,0.48589667677879333,-0.5026635527610779,111232.6484375,-329264.125
689,4,1.36,Test,0.4730761647224426,-0.4723389148712158,115314.1640625,-325895.28125
690,0,1.3800000000000001,Train,0.4775831401348114,-0.48983919620513916,225390.71875,-661783.625
691,0,1.3800000000000001,Test,0.486939936876297,-0.4995634853839874,230357.640625,-665353.125
692,1,1.3800000000000001,Train,0.47738519310951233,-0.49863845109939575,57502.26953125,-167948.703125
693,1,1.3800000000000001,Test,0.46895721554756165,-0.49287545680999756,57390.6640625,-165306.4375
694,2,1.3800000000000001,Train,0.4771377742290497,-0.49053436517715454,55509.1953125,-160511.140625
695,2,1.3800000000000001,Test,0.46714887022972107,-0.5168934464454651,53699.7421875,-162007.234375
696,3,1.3800000000000001,Train,0.4785233438014984,-0.49441125988960266,55323.92578125,-161862.59375
697,3,1.3800000000000001,Test,0.4786015748977661,-0.49742794036865234,55514.52734375,-162624.78125
698,4,1.3800000000000001,Train,0.48589667677879333,-0.5026635527610779,111232.65625,-329264.125
699,4,1.3800000000000001,Test,0.4730761647224426,-0.4723389148712158,115314.1640625,-325895.28125
700,0,1.4000000000000001,Train,0.4775831401348114,-0.48983919620513916,225390.71875,-661783.625
701,0,1.4000000000000001,Test,0.486939936876297,-0.4995634853839874,230357.640625,-665353.125
702,1,1.4000000000000001,Train,0.47738519310951233,-0.49863845109939575,57502.28515625,-167948.703125
703,1,1.4000000000000001,Test,0.46895721554756165,-0.49287545680999756,57390.671875,-165306.453125
704,2,1.4000000000000001,Train,0.4746140241622925,-0.4910792112350464,57901.67578125,-166992.0625
705,2,1.4000000000000001,Test,0.46513962745666504,-0.5164454579353333,56017.3359375,-168564.046875
706,3,1.4000000000000001,Train,0.4761480689048767,-0.4951332211494446,57698.55859375,-168369.875
707,3,1.4000000000000001,Test,0.4761904776096344,-0.4963095486164093,57896.98046875,-169172.328125
708,4,1.4000000000000001,Train,0.48589667677879333,-0.5026635527610779,111232.671875,-329264.125
709,4,1.4000000000000001,Test,0.4730761647224426,-0.4723389148712158,115314.1640625,-325895.25
710,0,1.42,Train,0.47515836358070374,-0.49032044410705566,234878.375,-687840.8125
711,0,1.42,Test,0.4840265214443207,-0.5014125108718872,240000.875,-691546.625
712,1,1.42,Train,0.47738519310951233,-0.49863845109939575,57502.296875,-167948.734375
713,1,1.42,Test,0.46895721554756165,-0.49287545680999756,57390.703125,-165306.453125
714,2,1.42,Train,0.4746140241622925,-0.4910792112350464,57901.68359375,-166992.0625
715,2,1.42,Test,0.46513962745666504,-0.5164454579353333,56017.33984375,-168564.03125
716,3,1.42,Train,0.4761480689048767,-0.4951332211494446,57698.56640625,-168369.875
717,3,1.42,Test,0.4761904776096344,-0.4963095486164093,57896.98828125,-169172.328125
718,4,1.42,Train,0.48258116841316223,-0.5050749182701111,118346.8828125,-349021.3125
719,4,1.42,Test,0.46996182203292847,-0.47434911131858826,122691.1640625,-345441.71875
720,0,1.44,Train,0.47515836358070374,-0.49032044410705566,234878.375,-687840.8125
721,0,1.44,Test,0.4840265214443207,-0.5014125108718872,240000.90625,-691546.6875
722,1,1.44,Train,0.47387173771858215,-0.5003954172134399,61100.04296875,-177858.234375
723,1,1.44,Test,0.466445654630661,-0.49283546209335327,60987.51171875,-175043.1875
724,2,1.44,Train,0.47248613834381104,-0.49243366718292236,60304.98828125,-173479.3125
725,2,1.44,Test,0.46242716908454895,-0.5166015028953552,58345.8828125,-175126.59375
726,3,1.44,Train,0.4761480689048767,-0.4951332211494446,57698.5859375,-168369.875
727,3,1.44,Test,0.4761904776096344,-0.4963095486164093,57897.0078125,-169172.328125
728,4,1.44,Train,0.48129454255104065,-0.5048493146896362,120691.546875,-355587.78125
729,4,1.44,Test,0.4686558246612549,-0.47375982999801636,125122.6328125,-351935.84375
730,0,1.46,Train,0.47515836358070374,-0.49032044410705566,234878.375,-687840.8125
731,0,1.46,Test,0.4840265214443207,-0.5014125108718872,240000.90625,-691546.6875
732,1,1.46,Train,0.4739212095737457,-0.5003222227096558,61100.046875,-177858.234375
733,1,1.46,Test,0.466445654630661,-0.49283546209335327,60987.51953125,-175043.1875
734,2,1.46,Train,0.47248613834381104,-0.49243366718292236,60304.98828125,-173479.3125
735,2,1.46,Test,0.46242716908454895,-0.5166015028953552,58345.89453125,-175126.578125
736,3,1.46,Train,0.472535640001297,-0.49696794152259827,61264.109375,-178132.453125
737,3,1.46,Test,0.47267431020736694,-0.499489426612854,61474.953125,-178995.21875
738,4,1.46,Train,0.4801068902015686,-0.5042344927787781,123057.546875,-362170.3125
739,4,1.46,Test,0.4678521156311035,-0.4743749499320984,127575.1875,-358446.0625
740,0,1.48,Train,0.47184282541275024,-0.4929826259613037,249126.203125,-726937.6875
741,0,1.48,Test,0.4800080358982086,-0.5030591487884521,254482.4375,-730822.1875
742,1,1.48,Train,0.4720407724380493,-0.5009574890136719,63516.84375,-184477.109375
743,1,1.48,Test,0.464436411857605,-0.49351832270622253,63404.55078125,-181547.015625
744,2,1.48,Train,0.47011083364486694,-0.4921417236328125,62700.2578125,-179961.5
745,2,1.48,Test,0.4607193171977997,-0.5144936442375183,60664.86328125,-181684.0
746,3,1.48,Train,0.472535640001297,-0.49696794152259827,61264.11328125,-178132.46875
747,3,1.48,Test,0.47267431020736694,-0.499489426612854,61474.953125,-178995.25
748,4,1.48,Train,0.4801068902015686,-0.5042344927787781,123057.5546875,-362170.28125
749,4,1.48,Test,0.4678521156311035,-0.4743749499320984,127575.1875,-358446.0625
750,0,1.5,Train,0.47184282541275024,-0.4929826259613037,249126.203125,-726937.6875
751,0,1.5,Test,0.4800080358982086,-0.5030591487884521,254482.4375,-730822.1875
752,1,1.5,Train,0.4720407724380493,-0.5009574890136719,63516.859375,-184477.109375
753,1,1.5,Test,0.464436411857605,-0.49351832270622253,63404.5625,-181547.03125
754,2,1.5,Train,0.47011083364486694,-0.4921417236328125,62700.26953125,-179961.515625
755,2,1.5,Test,0.4607193171977997,-0.5144936442375183,60664.875,-181684.0
756,3,1.5,Train,0.472535640001297,-0.49696794152259827,61264.12109375,-178132.453125
757,3,1.5,Test,0.47267431020736694,-0.499489426612854,61474.96875,-178995.25
758,4,1.5,Train,0.4801068902015686,-0.5042344927787781,123057.5546875,-362170.28125
759,4,1.5,Test,0.4678521156311035,-0.4743749499320984,127575.2109375,-358446.0625
760,0,1.52,Train,0.469368577003479,-0.4941369295120239,258600.5625,-752985.1875
761,0,1.52,Test,0.4776974022388458,-0.5031523704528809,264114.4375,-756996.9375
762,1,1.52,Train,0.4720407724380493,-0.5009574890136719,63516.87109375,-184477.140625
763,1,1.52,Test,0.464436411857605,-0.49351832270622253,63404.578125,-181547.03125
764,2,1.52,Train,0.4676860570907593,-0.4947968125343323,65117.9921875,-186459.0625
765,2,1.52,Test,0.4593128263950348,-0.5157039165496826,63008.578125,-188256.34375
766,3,1.52,Train,0.4695664942264557,-0.49910202622413635,64847.41796875,-187907.15625
767,3,1.52,Test,0.4696604311466217,-0.5027998089790344,65070.5625,-188828.3125
768,4,1.52,Train,0.4764944612979889,-0.5061919093132019,130189.734375,-381938.21875
769,4,1.52,Test,0.46524009108543396,-0.4756273329257965,134970.3125,-378003.9375
770,0,1.54,Train,0.469368577003479,-0.4941369295120239,258600.5625,-752985.1875
771,0,1.54,Test,0.4776974022388458,-0.5031523704528809,264114.4375,-756996.9375
772,1,1.54,Train,0.4687747359275818,-0.5036787390708923,67136.1484375,-194401.328125
773,1,1.54,Test,0.4612216055393219,-0.4956395626068115,67023.703125,-191297.953125
774,2,1.54,Train,0.4676860570907593,-0.4947968125343323,65117.9921875,-186459.03125
775,2,1.54,Test,0.4593128263950348,-0.5157039165496826,63008.5859375,-188256.328125
776,3,1.54,Train,0.4695664942264557,-0.49910202622413635,64847.421875,-187907.15625
777,3,1.54,Test,0.4696604311466217,-0.5027998089790344,65070.58203125,-188828.34375
778,4,1.54,Train,0.4764944612979889,-0.5061919093132019,130189.734375,-381938.25
779,4,1.54,Test,0.46524009108543396,-0.4756273329257965,134970.3125,-378003.9375
780,0,1.56,Train,0.4670427441596985,-0.49454227089881897,268203.40625,-779118.75
781,0,1.56,Test,0.4752863049507141,-0.5026913285255432,273859.5,-783246.4375
782,1,1.56,Train,0.4687747359275818,-0.5036787390708923,67136.1484375,-194401.34375
783,1,1.56,Test,0.4612216055393219,-0.4956395626068115,67023.7109375,-191297.96875
784,2,1.56,Train,0.4653107821941376,-0.497997522354126,67526.09375,-192950.4375
785,2,1.56,Test,0.4580068290233612,-0.5164601802825928,65341.9375,-194823.265625
786,3,1.56,Train,0.4695664942264557,-0.49910202622413635,64847.44140625,-187907.171875
787,3,1.56,Test,0.4696604311466217,-0.5027998089790344,65070.58984375,-188828.328125
788,4,1.56,Train,0.4764944612979889,-0.5061919093132019,130189.7578125,-381938.25
789,4,1.56,Test,0.46524009108543396,-0.4756273329257965,134970.34375,-378003.9375
790,0,1.58,Train,0.4670427441596985,-0.49454227089881897,268203.40625,-779118.75
791,0,1.58,Test,0.4752863049507141,-0.5026913285255432,273859.5,-783246.4375
792,1,1.58,Train,0.4660530388355255,-0.5050114989280701,69554.7265625,-201021.546875
793,1,1.58,Test,0.46001607179641724,-0.4963005781173706,69442.09375,-197802.8125
794,2,1.58,Train,0.4653107821941376,-0.497997522354126,67526.1015625,-192950.453125
795,2,1.58,Test,0.4580068290233612,-0.5164601802825928,65341.94921875,-194823.265625
796,3,1.58,Train,0.4663994312286377,-0.5001850128173828,68422.3359375,-197676.390625
797,3,1.58,Test,0.4659433364868164,-0.5033783912658691,68657.9453125,-198656.625
798,4,1.58,Train,0.4729810059070587,-0.5084409117698669,137345.28125,-401722.3125
799,4,1.58,Test,0.4618243873119354,-0.476887047290802,142383.296875,-397572.65625
800,0,1.6,Train,0.4670427441596985,-0.49454227089881897,268203.40625,-779118.6875
801,0,1.6,Test,0.4752863049507141,-0.5026913285255432,273859.5,-783246.375
802,1,1.6,Train,0.4660530388355255,-0.5050114989280701,69554.7421875,-201021.546875
803,1,1.6,Test,0.46001607179641724,-0.4963005781173706,69442.09375,-197802.8125
804,2,1.6,Train,0.46347981691360474,-0.4984424412250519,69934.2265625,-199441.234375
805,2,1.6,Test,0.4559975862503052,-0.5176705121994019,67675.15625,-201388.5625
806,3,1.6,Train,0.4663994312286377,-0.5001850128173828,68422.34375,-197676.375
807,3,1.6,Test,0.4659433364868164,-0.5033783912658691,68657.953125,-198656.609375
808,4,1.6,Train,0.4729810059070587,-0.5084409117698669,137345.296875,-401722.25
809,4,1.6,Test,0.4618243873119354,-0.476887047290802,142383.3125,-397572.65625
810,0,1.62,Train,0.46362826228141785,-0.4962337911128998,282563.59375,-818288.75
811,0,1.62,Test,0.47227245569229126,-0.5042781233787537,288437.875,-822589.3125
812,1,1.62,Train,0.4638756811618805,-0.506923258304596,71981.8046875,-207646.515625
813,1,1.62,Test,0.4576049745082855,-0.49991101026535034,71869.15625,-204311.5
814,2,1.62,Train,0.46347981691360474,-0.4984424412250519,69934.2265625,-199441.25
815,2,1.62,Test,0.4559975862503052,-0.5176705121994019,67675.171875,-201388.578125
816,3,1.62,Train,0.46392518281936646,-0.5021179914474487,70810.1171875,-204192.21875
817,3,1.62,Test,0.4640345573425293,-0.5046559572219849,71053.9140625,-205211.53125
818,4,1.62,Train,0.4729810059070587,-0.5084409117698669,137345.296875,-401722.28125
819,4,1.62,Test,0.4618243873119354,-0.476887047290802,142383.328125,-397572.65625
820,0,1.6400000000000001,Train,0.46362826228141785,-0.4962337911128998,282563.59375,-818288.75
821,0,1.6400000000000001,Test,0.47227245569229126,-0.5042781233787537,288437.875,-822589.3125
822,1,1.6400000000000001,Train,0.4638756811618805,-0.506923258304596,71981.8046875,-207646.515625
823,1,1.6400000000000001,Test,0.4576049745082855,-0.49991101026535034,71869.1640625,-204311.5
824,2,1.6400000000000001,Train,0.46347981691360474,-0.4984424412250519,69934.25,-199441.234375
825,2,1.6400000000000001,Test,0.4559975862503052,-0.5176705121994019,67675.1875,-201388.59375
826,3,1.6400000000000001,Train,0.46392518281936646,-0.5021179914474487,70810.125,-204192.21875
827,3,1.6400000000000001,Test,0.4640345573425293,-0.5046559572219849,71053.921875,-205211.515625
828,4,1.6400000000000001,Train,0.4729810059070587,-0.5084409117698669,137345.328125,-401722.3125
829,4,1.6400000000000001,Test,0.4618243873119354,-0.476887047290802,142383.328125,-397572.65625
830,0,1.6600000000000001,Train,0.461797297000885,-0.4986523687839508,292235.8125,-844468.25
831,0,1.6600000000000001,Test,0.46986135840415955,-0.5065088868141174,298246.75,-848870.9375
832,1,1.6600000000000001,Train,0.4638756811618805,-0.506923258304596,71981.8203125,-207646.53125
833,1,1.6600000000000001,Test,0.4576049745082855,-0.49991101026535034,71869.1875,-204311.515625
834,2,1.6600000000000001,Train,0.46011480689048767,-0.4996509552001953,73564.7421875,-209189.671875
835,2,1.6600000000000001,Test,0.45258188247680664,-0.5176770091056824,71195.078125,-211249.5
836,3,1.6600000000000001,Train,0.46184679865837097,-0.5034387111663818,73205.4453125,-210712.359375
837,3,1.6600000000000001,Test,0.46192485094070435,-0.5057937502861023,73458.0,-211772.03125
838,4,1.6600000000000001,Train,0.4729810059070587,-0.5084409117698669,137345.359375,-401722.3125
839,4,1.6600000000000001,Test,0.4618243873119354,-0.476887047290802,142383.375,-397572.6875
840,0,1.68,Train,0.461797297000885,-0.4986523687839508,292235.8125,-844468.25
841,0,1.68,Test,0.46986135840415955,-0.5065088868141174,298246.75,-848870.9375
842,1,1.68,Train,0.46001583337783813,-0.5084477066993713,75611.1875,-217577.09375
843,1,1.68,Test,0.4547920525074005,-0.5018506050109863,75497.328125,-214067.296875
844,2,1.68,Train,0.46011480689048767,-0.4996509552001953,73564.7578125,-209189.6875
845,2,1.68,Test,0.45258188247680664,-0.5176770091056824,71195.09375,-211249.484375
846,3,1.68,Train,0.46184679865837097,-0.5034387111663818,73205.453125,-210712.390625
847,3,1.68,Test,0.46192485094070435,-0.5057937502861023,73458.0,-211772.046875
848,4,1.68,Train,0.46738916635513306,-0.5096871852874756,149271.5,-434695.59375
849,4,1.68,Test,0.45549526810646057,-0.47833389043807983,154739.234375,-430183.90625
850,0,1.7,Train,0.45937252044677734,-0.5003998875617981,301873.1875,-870620.5
851,0,1.7,Test,0.4682539701461792,-0.5089121460914612,308023.75,-875134.8125
852,1,1.7,Train,0.46001583337783813,-0.5084477066993713,75611.1875,-217577.09375
853,1,1.7,Test,0.4547920525074005,-0.5018506050109863,75497.3359375,-214067.28125
854,2,1.7,Train,0.46011480689048767,-0.4996509552001953,73564.7734375,-209189.703125
855,2,1.7,Test,0.45258188247680664,-0.5176770091056824,71195.1171875,-211249.5
856,3,1.7,Train,0.4595704674720764,-0.504000723361969,75608.0546875,-217236.921875
857,3,1.7,Test,0.4599156081676483,-0.5066238641738892,75869.765625,-218336.25
858,4,1.7,Train,0.466201514005661,-0.5099155902862549,151666.0625,-441295.34375
859,4,1.7,Test,0.45489251613616943,-0.47940289974212646,157218.96875,-436711.15625
860,0,1.72,Train,0.45937252044677734,-0.5003998875617981,301873.1875,-870620.5
861,0,1.72,Test,0.4682539701461792,-0.5089121460914612,308023.75,-875134.6875
862,1,1.72,Train,0.46001583337783813,-0.5084477066993713,75611.203125,-217577.125
863,1,1.72,Test,0.4547920525074005,-0.5018506050109863,75497.3515625,-214067.296875
864,2,1.72,Train,0.45655184984207153,-0.5018327236175537,77206.53125,-218944.53125
865,2,1.72,Test,0.4491661787033081,-0.5217558145523071,74727.7265625,-221117.796875
866,3,1.72,Train,0.4595704674720764,-0.504000723361969,75608.0703125,-217236.953125
867,3,1.72,Test,0.4599156081676483,-0.5066238641738892,75869.7734375,-218336.28125
868,4,1.72,Train,0.46615201234817505,-0.5098426342010498,151666.0625,-441295.34375
869,4,1.72,Test,0.45489251613616943,-0.47940289974212646,157218.984375,-436711.15625
870,0,1.74,Train,0.45744261145591736,-0.5027425289154053,311540.375,-896791.5
871,0,1.74,Test,0.46574240922927856,-0.5082452893257141,317827.46875,-901408.625
872,1,1.74,Train,0.45655184984207153,-0.5096664428710938,79262.375,-227520.96875
873,1,1.74,Test,0.4514767825603485,-0.5029075741767883,79148.2890625,-223835.578125
874,2,1.74,Train,0.45655184984207153,-0.5018327236175537,77206.53125,-218944.5625
875,2,1.74,Test,0.4491661787033081,-0.5217558145523071,74727.7265625,-221117.796875
876,3,1.74,Train,0.4595704674720764,-0.504000723361969,75608.0859375,-217236.984375
877,3,1.74,Test,0.4599156081676483,-0.5066238641738892,75869.796875,-218336.28125
878,4,1.74,Train,0.46397465467453003,-0.5110284090042114,156476.640625,-454509.84375
879,4,1.74,Test,0.4517781734466553,-0.4835290312767029,162200.75,-449782.125
880,0,1.76,Train,0.4562549591064453,-0.5029102563858032,316372.6875,-909878.625
881,0,1.76,Test,0.46473780274391174,-0.508656919002533,322729.0,-914546.6875
882,1,1.76,Train,0.45655184984207153,-0.5096664428710938,79262.3828125,-227520.984375
883,1,1.76,Test,0.4514767825603485,-0.5029075741767883,79148.296875,-223835.53125
884,2,1.76,Train,0.45432502031326294,-0.5032690167427063,79645.34375,-225453.75
885,2,1.76,Test,0.4463532269001007,-0.5240230560302734,77094.890625,-227701.890625
886,3,1.76,Train,0.4561559855937958,-0.5052367448806763,79208.015625,-227022.234375
887,3,1.76,Test,0.45690175890922546,-0.5065589547157288,79482.296875,-228180.625
888,4,1.76,Train,0.46397465467453003,-0.5110284090042114,156476.640625,-454509.8125
889,4,1.76,Test,0.4517781734466553,-0.4835290312767029,162200.75,-449782.15625
890,0,1.78,Train,0.45556214451789856,-0.5028502941131592,321204.15625,-922960.375
891,0,1.78,Test,0.46383363008499146,-0.5096826553344727,327630.90625,-927679.0625
892,1,1.78,Train,0.45655184984207153,-0.5096664428710938,79262.40625,-227520.96875
893,1,1.78,Test,0.4514767825603485,-0.5029075741767883,79148.3046875,-223835.578125
894,2,1.78,Train,0.45432502031326294,-0.5032690167427063,79645.3671875,-225453.78125
895,2,1.78,Test,0.4463532269001007,-0.5240230560302734,77094.8984375,-227701.890625
896,3,1.78,Train,0.4561559855937958,-0.5052367448806763,79208.03125,-227022.234375
897,3,1.78,Test,0.45690175890922546,-0.5065589547157288,79482.296875,-228180.609375
898,4,1.78,Train,0.46397465467453003,-0.5110284090042114,156476.671875,-454509.8125
899,4,1.78,Test,0.4517781734466553,-0.4835290312767029,162200.75,-449782.15625
900,0,1.8,Train,0.45462194085121155,-0.5042822360992432,326059.0625,-936060.5625
901,0,1.8,Test,0.4621257781982422,-0.5092479586601257,332553.875,-940832.9375
902,1,1.8,Train,0.45338478684425354,-0.5132917761802673,82923.03125,-237470.703125
903,1,1.8,Test,0.4485633969306946,-0.5036449432373047,82809.75,-233611.4375
904,2,1.8,Train,0.45432502031326294,-0.5032690167427063,79645.3828125,-225453.78125
905,2,1.8,Test,0.4463532269001007,-0.5240230560302734,77094.9140625,-227701.890625
906,3,1.8,Train,0.4561559855937958,-0.5052367448806763,79208.046875,-227022.265625
907,3,1.8,Test,0.45690175890922546,-0.5065589547157288,79482.3125,-228180.609375
908,4,1.8,Train,0.46105504035949707,-0.5141041278839111,163672.65625,-474318.125
909,4,1.8,Test,0.4491661787033081,-0.48522794246673584,169657.046875,-469376.9375
910,0,1.82,Train,0.4534837603569031,-0.506389319896698,330876.90625,-949137.4375
911,0,1.82,Test,0.4608197808265686,-0.509221613407135,337444.28125,-953962.125
912,1,1.82,Train,0.45338478684425354,-0.5132917761802673,82923.0390625,-237470.734375
913,1,1.82,Test,0.4485633969306946,-0.5036449432373047,82809.75,-233611.4375
914,2,1.82,Train,0.45115795731544495,-0.5053870677947998,83299.96875,-235216.015625
915,2,1.82,Test,0.44333934783935547,-0.5261401534080505,80641.0703125,-237578.6875
916,3,1.82,Train,0.45318686962127686,-0.5084882378578186,82835.2265625,-236822.296875
917,3,1.82,Test,0.45348602533340454,-0.5109602212905884,83121.15625,-238037.171875
918,4,1.82,Train,0.46105504035949707,-0.5141041278839111,163672.65625,-474318.125
919,4,1.82,Test,0.4491661787033081,-0.48522794246673584,169657.0625,-469376.84375
920,0,1.84,Train,0.4526425302028656,-0.5072979927062988,335716.4375,-962224.625
921,0,1.84,Test,0.4597146809101105,-0.5099551677703857,342354.46875,-967100.25
922,1,1.84,Train,0.45338478684425354,-0.5132917761802673,82923.0546875,-237470.703125
923,1,1.84,Test,0.4485633969306946,-0.5036449432373047,82809.765625,-233611.4375
924,2,1.84,Train,0.45115795731544495,-0.5053870677947998,83299.96875,-235216.015625
925,2,1.84,Test,0.44333934783935547,-0.5261401534080505,80641.078125,-237578.6875
926,3,1.84,Train,0.45318686962127686,-0.5084882378578186,82835.2265625,-236822.296875
927,3,1.84,Test,0.45348602533340454,-0.5109602212905884,83121.171875,-238037.203125
928,4,1.84,Train,0.46105504035949707,-0.5141041278839111,163672.671875,-474318.1875
929,4,1.84,Test,0.4491661787033081,-0.48522794246673584,169657.0625,-469376.875
930,0,1.86,Train,0.45130640268325806,-0.5079870223999023,340533.5625,-975301.9375
931,0,1.86,Test,0.45911192893981934,-0.5104829668998718,347243.21875,-980228.25
932,1,1.86,Train,0.45036619901657104,-0.5143448114395142,86611.0078125,-247434.796875
933,1,1.86,Test,0.443942129611969,-0.5070228576660156,86500.3203125,-243401.140625
934,2,1.86,Train,0.45115795731544495,-0.5053870677947998,83300.0,-235216.015625
935,2,1.86,Test,0.44333934783935547,-0.5261401534080505,80641.1015625,-237578.6875
936,3,1.86,Train,0.45318686962127686,-0.5084882378578186,82835.234375,-236822.3125
937,3,1.86,Test,0.45348602533340454,-0.5109602212905884,83121.1953125,-238037.171875
938,4,1.86,Train,0.45793744921684265,-0.5140023827552795,170901.328125,-494144.3125
939,4,1.86,Test,0.44514769315719604,-0.4898190498352051,177144.0,-488987.25
940,0,1.8800000000000001,Train,0.4503166973590851,-0.5085222721099854,345371.34375,-988392.375
941,0,1.8800000000000001,Test,0.4584086835384369,-0.5113327503204346,352151.0625,-993371.125
942,1,1.8800000000000001,Train,0.45036619901657104,-0.5143448114395142,86611.015625,-247434.8125
943,1,1.8800000000000001,Test,0.443942129611969,-0.5070228576660156,86500.3359375,-243401.15625
944,2,1.8800000000000001,Train,0.44799089431762695,-0.5072596669197083,86962.9140625,-244983.65625
945,2,1.8800000000000001,Test,0.44183242321014404,-0.5262941122055054,84197.1875,-247461.1875
946,3,1.8800000000000001,Train,0.4502672255039215,-0.5106154680252075,86467.4140625,-246625.46875
947,3,1.8800000000000001,Test,0.4510749578475952,-0.5113521814346313,86765.703125,-247897.703125
948,4,1.8800000000000001,Train,0.45793744921684265,-0.5140023827552795,170901.328125,-494144.3125
949,4,1.8800000000000001,Test,0.44514769315719604,-0.4898190498352051,177144.015625,-488987.15625
950,0,1.9000000000000001,Train,0.44893112778663635,-0.5093610286712646,350189.125,-1001466.8125
951,0,1.9000000000000001,Test,0.45730358362197876,-0.5111303925514221,357041.21875,-1006501.4375
952,1,1.9000000000000001,Train,0.45036619901657104,-0.5143448114395142,86611.03125,-247434.796875
953,1,1.9000000000000001,Test,0.443942129611969,-0.5070228576660156,86500.3515625,-243401.15625
954,2,1.9000000000000001,Train,0.44799089431762695,-0.5072596669197083,86962.9296875,-244983.65625
955,2,1.9000000000000001,Test,0.44183242321014404,-0.5262941122055054,84197.2109375,-247461.1875
956,3,1.9000000000000001,Train,0.4502672255039215,-0.5106154680252075,86467.4296875,-246625.5
957,3,1.9000000000000001,Test,0.4510749578475952,-0.5113521814346313,86765.7109375,-247897.671875
958,4,1.9000000000000001,Train,0.45793744921684265,-0.5140023827552795,170901.328125,-494144.3125
959,4,1.9000000000000001,Test,0.44514769315719604,-0.4898190498352051,177144.03125,-488987.1875
960,0,1.92,Train,0.44799089431762695,-0.5100460052490234,355062.4375,-1014577.125
961,0,1.92,Test,0.45539480447769165,-0.5155515670776367,361981.59375,-1019666.75
962,1,1.92,Train,0.45036619901657104,-0.5143448114395142,86611.265625,-247435.046875
963,1,1.92,Test,0.443942129611969,-0.5070228576660156,86500.59375,-243401.359375
964,2,1.92,Train,0.44799089431762695,-0.5072596669197083,86962.9453125,-244983.640625
965,2,1.92,Test,0.44183242321014404,-0.5262941122055054,84197.21875,-247461.203125
966,3,1.92,Train,0.4483867883682251,-0.5131997466087341,88924.3359375,-253179.140625
967,3,1.92,Test,0.4494675397872925,-0.5109515190124512,89229.9453125,-254488.375
968,4,1.92,Train,0.45477038621902466,-0.5165347456932068,178141.796875,-513977.875
969,4,1.92,Test,0.4434398114681244,-0.49106037616729736,184641.21875,-508608.875
970,0,1.94,Train,0.44799089431762695,-0.5100460052490234,355062.4375,-1014577.25
971,0,1.94,Test,0.45539480447769165,-0.5155515670776367,361981.59375,-1019666.875
972,1,1.94,Train,0.4462094306945801,-0.5161341428756714,91525.3359375,-260719.828125
973,1,1.94,Test,0.4407273530960083,-0.5080689787864685,91418.09375,-256458.9375
974,2,1.94,Train,0.4455166161060333,-0.5091959238052368,90657.3671875,-254767.25
975,2,1.94,Test,0.43871811032295227,-0.5312770009040833,87789.734375,-257361.203125
976,3,1.94,Train,0.4483867883682251,-0.5131997466087341,88924.3515625,-253179.140625
977,3,1.94,Test,0.4494675397872925,-0.5109515190124512,89229.9453125,-254488.40625
978,4,1.94,Train,0.45477038621902466,-0.5165347456932068,178141.828125,-513977.875
979,4,1.94,Test,0.4434398114681244,-0.49106037616729736,184641.234375,-508608.875
980,0,1.96,Train,0.44799089431762695,-0.5100460052490234,355062.4375,-1014577.25
981,0,1.96,Test,0.45539480447769165,-0.5155515670776367,361981.625,-1019666.9375
982,1,1.96,Train,0.4462094306945801,-0.5161341428756714,91525.3359375,-260719.828125
983,1,1.96,Test,0.4407273530960083,-0.5080689787864685,91418.1015625,-256458.9375
984,2,1.96,Train,0.4455166161060333,-0.5091959238052368,90657.3828125,-254767.25
985,2,1.96,Test,0.43871811032295227,-0.5312770009040833,87789.734375,-257361.203125
986,3,1.96,Train,0.4483867883682251,-0.5131997466087341,88924.3671875,-253179.15625
987,3,1.96,Test,0.4494675397872925,-0.5109515190124512,89229.953125,-254488.40625
988,4,1.96,Train,0.4524940550327301,-0.5180286169052124,182973.75,-527199.6875
989,4,1.96,Test,0.4416314959526062,-0.49289828538894653,189643.6875,-521688.59375
990,0,1.98,Train,0.44799089431762695,-0.5100460052490234,355062.4375,-1014577.125
991,0,1.98,Test,0.45539480447769165,-0.5155515670776367,361981.625,-1019666.9375
992,1,1.98,Train,0.4442794919013977,-0.5181061029434204,94016.390625,-267379.75
993,1,1.98,Test,0.4383162558078766,-0.511359691619873,93912.7109375,-263004.5625
994,2,1.98,Train,0.4455166161060333,-0.5091959238052368,90657.3984375,-254767.28125
995,2,1.98,Test,0.43871811032295227,-0.5312770009040833,87789.75,-257361.203125
996,3,1.98,Train,0.4483867883682251,-0.5131997466087341,88924.6015625,-253179.359375
997,3,1.98,Test,0.4494675397872925,-0.5109515190124512,89230.2109375,-254488.609375
998,4,1.98,Train,0.4524940550327301,-0.5180286169052124,182973.75,-527199.75
999,4,1.98,Test,0.4416314959526062,-0.49289828538894653,189643.6875,-521688.59375
